count,fraction,lower_deg_inclusive,mode,n,record_type,scenario,scope,threshold_deg,upper_deg_exclusive
11,0.07051282051282051,0.0,156_unique_groundtruth_crops,156,histogram_bin,1_original_model_original_metric,controlled_unique_holdout,,5.0
22,0.14102564102564102,5.0,156_unique_groundtruth_crops,156,histogram_bin,1_original_model_original_metric,controlled_unique_holdout,,10.0
36,0.23076923076923078,10.0,156_unique_groundtruth_crops,156,histogram_bin,1_original_model_original_metric,controlled_unique_holdout,,15.0
24,0.15384615384615385,15.0,156_unique_groundtruth_crops,156,histogram_bin,1_original_model_original_metric,controlled_unique_holdout,,20.0
32,0.20512820512820512,20.0,156_unique_groundtruth_crops,156,histogram_bin,1_original_model_original_metric,controlled_unique_holdout,,30.0
15,0.09615384615384616,30.0,156_unique_groundtruth_crops,156,histogram_bin,1_original_model_original_metric,controlled_unique_holdout,,45.0
3,0.019230769230769232,45.0,156_unique_groundtruth_crops,156,histogram_bin,1_original_model_original_metric,controlled_unique_holdout,,60.0
5,0.03205128205128205,60.0,156_unique_groundtruth_crops,156,histogram_bin,1_original_model_original_metric,controlled_unique_holdout,,75.0
1,0.00641025641025641,75.0,156_unique_groundtruth_crops,156,histogram_bin,1_original_model_original_metric,controlled_unique_holdout,,90.000001
11,0.07051282051282051,,156_unique_groundtruth_crops,156,cdf_threshold,1_original_model_original_metric,controlled_unique_holdout,5,
33,0.21153846153846154,,156_unique_groundtruth_crops,156,cdf_threshold,1_original_model_original_metric,controlled_unique_holdout,10,
69,0.4423076923076923,,156_unique_groundtruth_crops,156,cdf_threshold,1_original_model_original_metric,controlled_unique_holdout,15,
93,0.5961538461538461,,156_unique_groundtruth_crops,156,cdf_threshold,1_original_model_original_metric,controlled_unique_holdout,20,
125,0.8012820512820513,,156_unique_groundtruth_crops,156,cdf_threshold,1_original_model_original_metric,controlled_unique_holdout,30,
140,0.8974358974358975,,156_unique_groundtruth_crops,156,cdf_threshold,1_original_model_original_metric,controlled_unique_holdout,45,
143,0.9166666666666666,,156_unique_groundtruth_crops,156,cdf_threshold,1_original_model_original_metric,controlled_unique_holdout,60,
149,0.9551282051282052,,156_unique_groundtruth_crops,156,cdf_threshold,1_original_model_original_metric,controlled_unique_holdout,90,
4,0.02857142857142857,0.0,all_groundtruth_centers,140,histogram_bin,1_original_model_original_metric,manuscript_frozen_centers,,5.0
27,0.19285714285714287,5.0,all_groundtruth_centers,140,histogram_bin,1_original_model_original_metric,manuscript_frozen_centers,,10.0
26,0.18571428571428572,10.0,all_groundtruth_centers,140,histogram_bin,1_original_model_original_metric,manuscript_frozen_centers,,15.0
24,0.17142857142857143,15.0,all_groundtruth_centers,140,histogram_bin,1_original_model_original_metric,manuscript_frozen_centers,,20.0
28,0.2,20.0,all_groundtruth_centers,140,histogram_bin,1_original_model_original_metric,manuscript_frozen_centers,,30.0
15,0.10714285714285714,30.0,all_groundtruth_centers,140,histogram_bin,1_original_model_original_metric,manuscript_frozen_centers,,45.0
7,0.05,45.0,all_groundtruth_centers,140,histogram_bin,1_original_model_original_metric,manuscript_frozen_centers,,60.0
2,0.014285714285714285,60.0,all_groundtruth_centers,140,histogram_bin,1_original_model_original_metric,manuscript_frozen_centers,,75.0
2,0.014285714285714285,75.0,all_groundtruth_centers,140,histogram_bin,1_original_model_original_metric,manuscript_frozen_centers,,90.000001
4,0.02857142857142857,,all_groundtruth_centers,140,cdf_threshold,1_original_model_original_metric,manuscript_frozen_centers,5,
31,0.22142857142857142,,all_groundtruth_centers,140,cdf_threshold,1_original_model_original_metric,manuscript_frozen_centers,10,
57,0.40714285714285714,,all_groundtruth_centers,140,cdf_threshold,1_original_model_original_metric,manuscript_frozen_centers,15,
81,0.5785714285714286,,all_groundtruth_centers,140,cdf_threshold,1_original_model_original_metric,manuscript_frozen_centers,20,
109,0.7785714285714286,,all_groundtruth_centers,140,cdf_threshold,1_original_model_original_metric,manuscript_frozen_centers,30,
124,0.8857142857142857,,all_groundtruth_centers,140,cdf_threshold,1_original_model_original_metric,manuscript_frozen_centers,45,
131,0.9357142857142857,,all_groundtruth_centers,140,cdf_threshold,1_original_model_original_metric,manuscript_frozen_centers,60,
135,0.9642857142857143,,all_groundtruth_centers,140,cdf_threshold,1_original_model_original_metric,manuscript_frozen_centers,90,
4,0.03305785123966942,0.0,matched_groundtruth_centers,121,histogram_bin,1_original_model_original_metric,manuscript_frozen_centers,,5.0
25,0.2066115702479339,5.0,matched_groundtruth_centers,121,histogram_bin,1_original_model_original_metric,manuscript_frozen_centers,,10.0
22,0.18181818181818182,10.0,matched_groundtruth_centers,121,histogram_bin,1_original_model_original_metric,manuscript_frozen_centers,,15.0
21,0.17355371900826447,15.0,matched_groundtruth_centers,121,histogram_bin,1_original_model_original_metric,manuscript_frozen_centers,,20.0
21,0.17355371900826447,20.0,matched_groundtruth_centers,121,histogram_bin,1_original_model_original_metric,manuscript_frozen_centers,,30.0
15,0.12396694214876033,30.0,matched_groundtruth_centers,121,histogram_bin,1_original_model_original_metric,manuscript_frozen_centers,,45.0
4,0.03305785123966942,45.0,matched_groundtruth_centers,121,histogram_bin,1_original_model_original_metric,manuscript_frozen_centers,,60.0
1,0.008264462809917356,60.0,matched_groundtruth_centers,121,histogram_bin,1_original_model_original_metric,manuscript_frozen_centers,,75.0
3,0.024793388429752067,75.0,matched_groundtruth_centers,121,histogram_bin,1_original_model_original_metric,manuscript_frozen_centers,,90.000001
4,0.03305785123966942,,matched_groundtruth_centers,121,cdf_threshold,1_original_model_original_metric,manuscript_frozen_centers,5,
29,0.2396694214876033,,matched_groundtruth_centers,121,cdf_threshold,1_original_model_original_metric,manuscript_frozen_centers,10,
51,0.4214876033057851,,matched_groundtruth_centers,121,cdf_threshold,1_original_model_original_metric,manuscript_frozen_centers,15,
72,0.5950413223140496,,matched_groundtruth_centers,121,cdf_threshold,1_original_model_original_metric,manuscript_frozen_centers,20,
93,0.768595041322314,,matched_groundtruth_centers,121,cdf_threshold,1_original_model_original_metric,manuscript_frozen_centers,30,
108,0.8925619834710744,,matched_groundtruth_centers,121,cdf_threshold,1_original_model_original_metric,manuscript_frozen_centers,45,
112,0.9256198347107438,,matched_groundtruth_centers,121,cdf_threshold,1_original_model_original_metric,manuscript_frozen_centers,60,
116,0.9586776859504132,,matched_groundtruth_centers,121,cdf_threshold,1_original_model_original_metric,manuscript_frozen_centers,90,
7,0.05785123966942149,0.0,predicted_centers,121,histogram_bin,1_original_model_original_metric,manuscript_frozen_centers,,5.0
23,0.19008264462809918,5.0,predicted_centers,121,histogram_bin,1_original_model_original_metric,manuscript_frozen_centers,,10.0
30,0.24793388429752067,10.0,predicted_centers,121,histogram_bin,1_original_model_original_metric,manuscript_frozen_centers,,15.0
12,0.09917355371900827,15.0,predicted_centers,121,histogram_bin,1_original_model_original_metric,manuscript_frozen_centers,,20.0
15,0.12396694214876033,20.0,predicted_centers,121,histogram_bin,1_original_model_original_metric,manuscript_frozen_centers,,30.0
7,0.05785123966942149,30.0,predicted_centers,121,histogram_bin,1_original_model_original_metric,manuscript_frozen_centers,,45.0
1,0.008264462809917356,45.0,predicted_centers,121,histogram_bin,1_original_model_original_metric,manuscript_frozen_centers,,60.0
3,0.024793388429752067,60.0,predicted_centers,121,histogram_bin,1_original_model_original_metric,manuscript_frozen_centers,,75.0
2,0.01652892561983471,75.0,predicted_centers,121,histogram_bin,1_original_model_original_metric,manuscript_frozen_centers,,90.000001
7,0.05785123966942149,,predicted_centers,121,cdf_threshold,1_original_model_original_metric,manuscript_frozen_centers,5,
30,0.24793388429752067,,predicted_centers,121,cdf_threshold,1_original_model_original_metric,manuscript_frozen_centers,10,
60,0.49586776859504134,,predicted_centers,121,cdf_threshold,1_original_model_original_metric,manuscript_frozen_centers,15,
72,0.5950413223140496,,predicted_centers,121,cdf_threshold,1_original_model_original_metric,manuscript_frozen_centers,20,
87,0.71900826446281,,predicted_centers,121,cdf_threshold,1_original_model_original_metric,manuscript_frozen_centers,30,
94,0.7768595041322314,,predicted_centers,121,cdf_threshold,1_original_model_original_metric,manuscript_frozen_centers,45,
95,0.7851239669421488,,predicted_centers,121,cdf_threshold,1_original_model_original_metric,manuscript_frozen_centers,60,
100,0.8264462809917356,,predicted_centers,121,cdf_threshold,1_original_model_original_metric,manuscript_frozen_centers,90,
21,0.1346153846153846,0.0,156_unique_groundtruth_crops,156,histogram_bin,2_original_model_corrected_nematic_metric,controlled_unique_holdout,,5.0
48,0.3076923076923077,5.0,156_unique_groundtruth_crops,156,histogram_bin,2_original_model_corrected_nematic_metric,controlled_unique_holdout,,10.0
35,0.22435897435897437,10.0,156_unique_groundtruth_crops,156,histogram_bin,2_original_model_corrected_nematic_metric,controlled_unique_holdout,,15.0
25,0.16025641025641027,15.0,156_unique_groundtruth_crops,156,histogram_bin,2_original_model_corrected_nematic_metric,controlled_unique_holdout,,20.0
16,0.10256410256410256,20.0,156_unique_groundtruth_crops,156,histogram_bin,2_original_model_corrected_nematic_metric,controlled_unique_holdout,,30.0
8,0.05128205128205128,30.0,156_unique_groundtruth_crops,156,histogram_bin,2_original_model_corrected_nematic_metric,controlled_unique_holdout,,45.0
1,0.00641025641025641,45.0,156_unique_groundtruth_crops,156,histogram_bin,2_original_model_corrected_nematic_metric,controlled_unique_holdout,,60.0
1,0.00641025641025641,60.0,156_unique_groundtruth_crops,156,histogram_bin,2_original_model_corrected_nematic_metric,controlled_unique_holdout,,75.0
1,0.00641025641025641,75.0,156_unique_groundtruth_crops,156,histogram_bin,2_original_model_corrected_nematic_metric,controlled_unique_holdout,,90.000001
21,0.1346153846153846,,156_unique_groundtruth_crops,156,cdf_threshold,2_original_model_corrected_nematic_metric,controlled_unique_holdout,5,
69,0.4423076923076923,,156_unique_groundtruth_crops,156,cdf_threshold,2_original_model_corrected_nematic_metric,controlled_unique_holdout,10,
104,0.6666666666666666,,156_unique_groundtruth_crops,156,cdf_threshold,2_original_model_corrected_nematic_metric,controlled_unique_holdout,15,
129,0.8269230769230769,,156_unique_groundtruth_crops,156,cdf_threshold,2_original_model_corrected_nematic_metric,controlled_unique_holdout,20,
145,0.9294871794871795,,156_unique_groundtruth_crops,156,cdf_threshold,2_original_model_corrected_nematic_metric,controlled_unique_holdout,30,
153,0.9807692307692307,,156_unique_groundtruth_crops,156,cdf_threshold,2_original_model_corrected_nematic_metric,controlled_unique_holdout,45,
154,0.9871794871794872,,156_unique_groundtruth_crops,156,cdf_threshold,2_original_model_corrected_nematic_metric,controlled_unique_holdout,60,
156,1.0,,156_unique_groundtruth_crops,156,cdf_threshold,2_original_model_corrected_nematic_metric,controlled_unique_holdout,90,
20,0.14285714285714285,0.0,all_groundtruth_centers,140,histogram_bin,2_original_model_corrected_nematic_metric,manuscript_frozen_centers,,5.0
34,0.24285714285714285,5.0,all_groundtruth_centers,140,histogram_bin,2_original_model_corrected_nematic_metric,manuscript_frozen_centers,,10.0
34,0.24285714285714285,10.0,all_groundtruth_centers,140,histogram_bin,2_original_model_corrected_nematic_metric,manuscript_frozen_centers,,15.0
26,0.18571428571428572,15.0,all_groundtruth_centers,140,histogram_bin,2_original_model_corrected_nematic_metric,manuscript_frozen_centers,,20.0
15,0.10714285714285714,20.0,all_groundtruth_centers,140,histogram_bin,2_original_model_corrected_nematic_metric,manuscript_frozen_centers,,30.0
6,0.04285714285714286,30.0,all_groundtruth_centers,140,histogram_bin,2_original_model_corrected_nematic_metric,manuscript_frozen_centers,,45.0
3,0.02142857142857143,45.0,all_groundtruth_centers,140,histogram_bin,2_original_model_corrected_nematic_metric,manuscript_frozen_centers,,60.0
1,0.007142857142857143,60.0,all_groundtruth_centers,140,histogram_bin,2_original_model_corrected_nematic_metric,manuscript_frozen_centers,,75.0
1,0.007142857142857143,75.0,all_groundtruth_centers,140,histogram_bin,2_original_model_corrected_nematic_metric,manuscript_frozen_centers,,90.000001
20,0.14285714285714285,,all_groundtruth_centers,140,cdf_threshold,2_original_model_corrected_nematic_metric,manuscript_frozen_centers,5,
54,0.38571428571428573,,all_groundtruth_centers,140,cdf_threshold,2_original_model_corrected_nematic_metric,manuscript_frozen_centers,10,
88,0.6285714285714286,,all_groundtruth_centers,140,cdf_threshold,2_original_model_corrected_nematic_metric,manuscript_frozen_centers,15,
114,0.8142857142857143,,all_groundtruth_centers,140,cdf_threshold,2_original_model_corrected_nematic_metric,manuscript_frozen_centers,20,
129,0.9214285714285714,,all_groundtruth_centers,140,cdf_threshold,2_original_model_corrected_nematic_metric,manuscript_frozen_centers,30,
135,0.9642857142857143,,all_groundtruth_centers,140,cdf_threshold,2_original_model_corrected_nematic_metric,manuscript_frozen_centers,45,
138,0.9857142857142858,,all_groundtruth_centers,140,cdf_threshold,2_original_model_corrected_nematic_metric,manuscript_frozen_centers,60,
140,1.0,,all_groundtruth_centers,140,cdf_threshold,2_original_model_corrected_nematic_metric,manuscript_frozen_centers,90,
18,0.1487603305785124,0.0,matched_groundtruth_centers,121,histogram_bin,2_original_model_corrected_nematic_metric,manuscript_frozen_centers,,5.0
31,0.256198347107438,5.0,matched_groundtruth_centers,121,histogram_bin,2_original_model_corrected_nematic_metric,manuscript_frozen_centers,,10.0
29,0.2396694214876033,10.0,matched_groundtruth_centers,121,histogram_bin,2_original_model_corrected_nematic_metric,manuscript_frozen_centers,,15.0
21,0.17355371900826447,15.0,matched_groundtruth_centers,121,histogram_bin,2_original_model_corrected_nematic_metric,manuscript_frozen_centers,,20.0
11,0.09090909090909091,20.0,matched_groundtruth_centers,121,histogram_bin,2_original_model_corrected_nematic_metric,manuscript_frozen_centers,,30.0
5,0.04132231404958678,30.0,matched_groundtruth_centers,121,histogram_bin,2_original_model_corrected_nematic_metric,manuscript_frozen_centers,,45.0
4,0.03305785123966942,45.0,matched_groundtruth_centers,121,histogram_bin,2_original_model_corrected_nematic_metric,manuscript_frozen_centers,,60.0
1,0.008264462809917356,60.0,matched_groundtruth_centers,121,histogram_bin,2_original_model_corrected_nematic_metric,manuscript_frozen_centers,,75.0
1,0.008264462809917356,75.0,matched_groundtruth_centers,121,histogram_bin,2_original_model_corrected_nematic_metric,manuscript_frozen_centers,,90.000001
18,0.1487603305785124,,matched_groundtruth_centers,121,cdf_threshold,2_original_model_corrected_nematic_metric,manuscript_frozen_centers,5,
49,0.4049586776859504,,matched_groundtruth_centers,121,cdf_threshold,2_original_model_corrected_nematic_metric,manuscript_frozen_centers,10,
78,0.6446280991735537,,matched_groundtruth_centers,121,cdf_threshold,2_original_model_corrected_nematic_metric,manuscript_frozen_centers,15,
99,0.8181818181818182,,matched_groundtruth_centers,121,cdf_threshold,2_original_model_corrected_nematic_metric,manuscript_frozen_centers,20,
110,0.9090909090909091,,matched_groundtruth_centers,121,cdf_threshold,2_original_model_corrected_nematic_metric,manuscript_frozen_centers,30,
115,0.9504132231404959,,matched_groundtruth_centers,121,cdf_threshold,2_original_model_corrected_nematic_metric,manuscript_frozen_centers,45,
119,0.9834710743801653,,matched_groundtruth_centers,121,cdf_threshold,2_original_model_corrected_nematic_metric,manuscript_frozen_centers,60,
121,1.0,,matched_groundtruth_centers,121,cdf_threshold,2_original_model_corrected_nematic_metric,manuscript_frozen_centers,90,
18,0.1487603305785124,0.0,predicted_centers,121,histogram_bin,2_original_model_corrected_nematic_metric,manuscript_frozen_centers,,5.0
41,0.33884297520661155,5.0,predicted_centers,121,histogram_bin,2_original_model_corrected_nematic_metric,manuscript_frozen_centers,,10.0
20,0.1652892561983471,10.0,predicted_centers,121,histogram_bin,2_original_model_corrected_nematic_metric,manuscript_frozen_centers,,15.0
10,0.08264462809917356,15.0,predicted_centers,121,histogram_bin,2_original_model_corrected_nematic_metric,manuscript_frozen_centers,,20.0
9,0.0743801652892562,20.0,predicted_centers,121,histogram_bin,2_original_model_corrected_nematic_metric,manuscript_frozen_centers,,30.0
8,0.06611570247933884,30.0,predicted_centers,121,histogram_bin,2_original_model_corrected_nematic_metric,manuscript_frozen_centers,,45.0
3,0.024793388429752067,45.0,predicted_centers,121,histogram_bin,2_original_model_corrected_nematic_metric,manuscript_frozen_centers,,60.0
4,0.03305785123966942,60.0,predicted_centers,121,histogram_bin,2_original_model_corrected_nematic_metric,manuscript_frozen_centers,,75.0
8,0.06611570247933884,75.0,predicted_centers,121,histogram_bin,2_original_model_corrected_nematic_metric,manuscript_frozen_centers,,90.000001
18,0.1487603305785124,,predicted_centers,121,cdf_threshold,2_original_model_corrected_nematic_metric,manuscript_frozen_centers,5,
59,0.48760330578512395,,predicted_centers,121,cdf_threshold,2_original_model_corrected_nematic_metric,manuscript_frozen_centers,10,
79,0.6528925619834711,,predicted_centers,121,cdf_threshold,2_original_model_corrected_nematic_metric,manuscript_frozen_centers,15,
89,0.7355371900826446,,predicted_centers,121,cdf_threshold,2_original_model_corrected_nematic_metric,manuscript_frozen_centers,20,
98,0.8099173553719008,,predicted_centers,121,cdf_threshold,2_original_model_corrected_nematic_metric,manuscript_frozen_centers,30,
106,0.8760330578512396,,predicted_centers,121,cdf_threshold,2_original_model_corrected_nematic_metric,manuscript_frozen_centers,45,
109,0.9008264462809917,,predicted_centers,121,cdf_threshold,2_original_model_corrected_nematic_metric,manuscript_frozen_centers,60,
121,1.0,,predicted_centers,121,cdf_threshold,2_original_model_corrected_nematic_metric,manuscript_frozen_centers,90,
30,0.19230769230769232,0.0,156_unique_groundtruth_crops,156,histogram_bin,3_retrained_model_corrected_nematic_metric,controlled_unique_holdout,,5.0
58,0.3717948717948718,5.0,156_unique_groundtruth_crops,156,histogram_bin,3_retrained_model_corrected_nematic_metric,controlled_unique_holdout,,10.0
36,0.23076923076923078,10.0,156_unique_groundtruth_crops,156,histogram_bin,3_retrained_model_corrected_nematic_metric,controlled_unique_holdout,,15.0
13,0.08333333333333333,15.0,156_unique_groundtruth_crops,156,histogram_bin,3_retrained_model_corrected_nematic_metric,controlled_unique_holdout,,20.0
15,0.09615384615384616,20.0,156_unique_groundtruth_crops,156,histogram_bin,3_retrained_model_corrected_nematic_metric,controlled_unique_holdout,,30.0
3,0.019230769230769232,30.0,156_unique_groundtruth_crops,156,histogram_bin,3_retrained_model_corrected_nematic_metric,controlled_unique_holdout,,45.0
1,0.00641025641025641,45.0,156_unique_groundtruth_crops,156,histogram_bin,3_retrained_model_corrected_nematic_metric,controlled_unique_holdout,,60.0
0,0.0,60.0,156_unique_groundtruth_crops,156,histogram_bin,3_retrained_model_corrected_nematic_metric,controlled_unique_holdout,,75.0
0,0.0,75.0,156_unique_groundtruth_crops,156,histogram_bin,3_retrained_model_corrected_nematic_metric,controlled_unique_holdout,,90.000001
30,0.19230769230769232,,156_unique_groundtruth_crops,156,cdf_threshold,3_retrained_model_corrected_nematic_metric,controlled_unique_holdout,5,
88,0.5641025641025641,,156_unique_groundtruth_crops,156,cdf_threshold,3_retrained_model_corrected_nematic_metric,controlled_unique_holdout,10,
124,0.7948717948717948,,156_unique_groundtruth_crops,156,cdf_threshold,3_retrained_model_corrected_nematic_metric,controlled_unique_holdout,15,
137,0.8782051282051282,,156_unique_groundtruth_crops,156,cdf_threshold,3_retrained_model_corrected_nematic_metric,controlled_unique_holdout,20,
152,0.9743589743589743,,156_unique_groundtruth_crops,156,cdf_threshold,3_retrained_model_corrected_nematic_metric,controlled_unique_holdout,30,
155,0.9935897435897436,,156_unique_groundtruth_crops,156,cdf_threshold,3_retrained_model_corrected_nematic_metric,controlled_unique_holdout,45,
156,1.0,,156_unique_groundtruth_crops,156,cdf_threshold,3_retrained_model_corrected_nematic_metric,controlled_unique_holdout,60,
156,1.0,,156_unique_groundtruth_crops,156,cdf_threshold,3_retrained_model_corrected_nematic_metric,controlled_unique_holdout,90,
30,0.21428571428571427,0.0,all_groundtruth_centers,140,histogram_bin,3_retrained_model_corrected_nematic_metric,manuscript_frozen_centers,,5.0
46,0.32857142857142857,5.0,all_groundtruth_centers,140,histogram_bin,3_retrained_model_corrected_nematic_metric,manuscript_frozen_centers,,10.0
23,0.16428571428571428,10.0,all_groundtruth_centers,140,histogram_bin,3_retrained_model_corrected_nematic_metric,manuscript_frozen_centers,,15.0
14,0.1,15.0,all_groundtruth_centers,140,histogram_bin,3_retrained_model_corrected_nematic_metric,manuscript_frozen_centers,,20.0
21,0.15,20.0,all_groundtruth_centers,140,histogram_bin,3_retrained_model_corrected_nematic_metric,manuscript_frozen_centers,,30.0
4,0.02857142857142857,30.0,all_groundtruth_centers,140,histogram_bin,3_retrained_model_corrected_nematic_metric,manuscript_frozen_centers,,45.0
1,0.007142857142857143,45.0,all_groundtruth_centers,140,histogram_bin,3_retrained_model_corrected_nematic_metric,manuscript_frozen_centers,,60.0
0,0.0,60.0,all_groundtruth_centers,140,histogram_bin,3_retrained_model_corrected_nematic_metric,manuscript_frozen_centers,,75.0
1,0.007142857142857143,75.0,all_groundtruth_centers,140,histogram_bin,3_retrained_model_corrected_nematic_metric,manuscript_frozen_centers,,90.000001
30,0.21428571428571427,,all_groundtruth_centers,140,cdf_threshold,3_retrained_model_corrected_nematic_metric,manuscript_frozen_centers,5,
76,0.5428571428571428,,all_groundtruth_centers,140,cdf_threshold,3_retrained_model_corrected_nematic_metric,manuscript_frozen_centers,10,
99,0.7071428571428572,,all_groundtruth_centers,140,cdf_threshold,3_retrained_model_corrected_nematic_metric,manuscript_frozen_centers,15,
113,0.8071428571428572,,all_groundtruth_centers,140,cdf_threshold,3_retrained_model_corrected_nematic_metric,manuscript_frozen_centers,20,
134,0.9571428571428572,,all_groundtruth_centers,140,cdf_threshold,3_retrained_model_corrected_nematic_metric,manuscript_frozen_centers,30,
138,0.9857142857142858,,all_groundtruth_centers,140,cdf_threshold,3_retrained_model_corrected_nematic_metric,manuscript_frozen_centers,45,
139,0.9928571428571429,,all_groundtruth_centers,140,cdf_threshold,3_retrained_model_corrected_nematic_metric,manuscript_frozen_centers,60,
140,1.0,,all_groundtruth_centers,140,cdf_threshold,3_retrained_model_corrected_nematic_metric,manuscript_frozen_centers,90,
28,0.23140495867768596,0.0,matched_groundtruth_centers,121,histogram_bin,3_retrained_model_corrected_nematic_metric,manuscript_frozen_centers,,5.0
39,0.32231404958677684,5.0,matched_groundtruth_centers,121,histogram_bin,3_retrained_model_corrected_nematic_metric,manuscript_frozen_centers,,10.0
22,0.18181818181818182,10.0,matched_groundtruth_centers,121,histogram_bin,3_retrained_model_corrected_nematic_metric,manuscript_frozen_centers,,15.0
12,0.09917355371900827,15.0,matched_groundtruth_centers,121,histogram_bin,3_retrained_model_corrected_nematic_metric,manuscript_frozen_centers,,20.0
16,0.1322314049586777,20.0,matched_groundtruth_centers,121,histogram_bin,3_retrained_model_corrected_nematic_metric,manuscript_frozen_centers,,30.0
2,0.01652892561983471,30.0,matched_groundtruth_centers,121,histogram_bin,3_retrained_model_corrected_nematic_metric,manuscript_frozen_centers,,45.0
0,0.0,45.0,matched_groundtruth_centers,121,histogram_bin,3_retrained_model_corrected_nematic_metric,manuscript_frozen_centers,,60.0
0,0.0,60.0,matched_groundtruth_centers,121,histogram_bin,3_retrained_model_corrected_nematic_metric,manuscript_frozen_centers,,75.0
2,0.01652892561983471,75.0,matched_groundtruth_centers,121,histogram_bin,3_retrained_model_corrected_nematic_metric,manuscript_frozen_centers,,90.000001
28,0.23140495867768596,,matched_groundtruth_centers,121,cdf_threshold,3_retrained_model_corrected_nematic_metric,manuscript_frozen_centers,5,
67,0.5537190082644629,,matched_groundtruth_centers,121,cdf_threshold,3_retrained_model_corrected_nematic_metric,manuscript_frozen_centers,10,
89,0.7355371900826446,,matched_groundtruth_centers,121,cdf_threshold,3_retrained_model_corrected_nematic_metric,manuscript_frozen_centers,15,
101,0.8347107438016529,,matched_groundtruth_centers,121,cdf_threshold,3_retrained_model_corrected_nematic_metric,manuscript_frozen_centers,20,
117,0.9669421487603306,,matched_groundtruth_centers,121,cdf_threshold,3_retrained_model_corrected_nematic_metric,manuscript_frozen_centers,30,
119,0.9834710743801653,,matched_groundtruth_centers,121,cdf_threshold,3_retrained_model_corrected_nematic_metric,manuscript_frozen_centers,45,
119,0.9834710743801653,,matched_groundtruth_centers,121,cdf_threshold,3_retrained_model_corrected_nematic_metric,manuscript_frozen_centers,60,
121,1.0,,matched_groundtruth_centers,121,cdf_threshold,3_retrained_model_corrected_nematic_metric,manuscript_frozen_centers,90,
31,0.256198347107438,0.0,predicted_centers,121,histogram_bin,3_retrained_model_corrected_nematic_metric,manuscript_frozen_centers,,5.0
32,0.2644628099173554,5.0,predicted_centers,121,histogram_bin,3_retrained_model_corrected_nematic_metric,manuscript_frozen_centers,,10.0
15,0.12396694214876033,10.0,predicted_centers,121,histogram_bin,3_retrained_model_corrected_nematic_metric,manuscript_frozen_centers,,15.0
14,0.11570247933884298,15.0,predicted_centers,121,histogram_bin,3_retrained_model_corrected_nematic_metric,manuscript_frozen_centers,,20.0
5,0.04132231404958678,20.0,predicted_centers,121,histogram_bin,3_retrained_model_corrected_nematic_metric,manuscript_frozen_centers,,30.0
7,0.05785123966942149,30.0,predicted_centers,121,histogram_bin,3_retrained_model_corrected_nematic_metric,manuscript_frozen_centers,,45.0
4,0.03305785123966942,45.0,predicted_centers,121,histogram_bin,3_retrained_model_corrected_nematic_metric,manuscript_frozen_centers,,60.0
4,0.03305785123966942,60.0,predicted_centers,121,histogram_bin,3_retrained_model_corrected_nematic_metric,manuscript_frozen_centers,,75.0
9,0.0743801652892562,75.0,predicted_centers,121,histogram_bin,3_retrained_model_corrected_nematic_metric,manuscript_frozen_centers,,90.000001
31,0.256198347107438,,predicted_centers,121,cdf_threshold,3_retrained_model_corrected_nematic_metric,manuscript_frozen_centers,5,
63,0.5206611570247934,,predicted_centers,121,cdf_threshold,3_retrained_model_corrected_nematic_metric,manuscript_frozen_centers,10,
78,0.6446280991735537,,predicted_centers,121,cdf_threshold,3_retrained_model_corrected_nematic_metric,manuscript_frozen_centers,15,
92,0.7603305785123967,,predicted_centers,121,cdf_threshold,3_retrained_model_corrected_nematic_metric,manuscript_frozen_centers,20,
97,0.8016528925619835,,predicted_centers,121,cdf_threshold,3_retrained_model_corrected_nematic_metric,manuscript_frozen_centers,30,
104,0.859504132231405,,predicted_centers,121,cdf_threshold,3_retrained_model_corrected_nematic_metric,manuscript_frozen_centers,45,
108,0.8925619834710744,,predicted_centers,121,cdf_threshold,3_retrained_model_corrected_nematic_metric,manuscript_frozen_centers,60,
121,1.0,,predicted_centers,121,cdf_threshold,3_retrained_model_corrected_nematic_metric,manuscript_frozen_centers,90,
