index,kind,matched_index,matched_iou,mean_probability,status,t,voxel_count,weighted_probability,x,y,z
0,true,0,0.18610038610038604,,tp,2.0,,,26.0,154.0,65.0
1,true,1,0.20528789659224445,,tp,2.0,,,44.0,200.0,118.0
2,true,2,0.23560894386298759,,tp,2.0,,,50.0,117.0,113.0
3,true,4,0.20329829298871638,,tp,2.0,,,79.0,141.0,43.0
4,true,6,0.253345342254246,,tp,2.0,,,97.0,132.0,85.0
5,true,8,0.20283177885155634,,tp,2.0,,,114.0,150.0,57.0
6,true,9,0.08000496154800296,,tp,2.0,,,123.0,227.0,86.0
7,true,10,0.1724418250177827,,tp,2.0,,,128.0,191.0,58.0
8,true,12,0.22170192152430168,,tp,2.0,,,139.0,249.0,101.0
9,true,11,0.18535930154466085,,tp,2.0,,,141.0,215.0,57.0
10,true,,,,fn,2.0,,,163.0,96.0,74.0
11,true,13,0.1990800801981366,,tp,2.0,,,165.0,128.0,76.0
12,true,14,0.22783464043599633,,tp,2.0,,,167.0,146.0,136.0
13,true,15,0.0009668374746205632,,tp,2.0,,,170.0,220.0,91.0
14,true,17,0.19325055714740524,,tp,2.0,,,184.0,95.0,64.0
15,true,18,0.14597369265319216,,tp,2.0,,,188.0,167.0,76.0
16,true,19,0.18903464513958967,,tp,2.0,,,192.0,212.0,88.0
17,true,21,0.19916968277624014,,tp,2.0,,,208.0,96.0,43.0
18,true,20,0.1569227406840783,,tp,2.0,,,208.0,126.0,125.0
19,true,22,0.065041515861188,,tp,2.0,,,232.0,199.0,115.0
20,true,23,0.18423502637840072,,tp,2.0,,,248.0,216.0,69.0
21,true,,,,fn,2.0,,,249.0,197.0,96.0
22,true,24,0.430833422488499,,tp,2.5,,,274.0,61.5,111.0
23,true,25,0.19007092198581566,,tp,2.0,,,279.0,217.0,92.0
24,true,27,0.18626002532714225,,tp,2.0,,,283.0,188.0,78.0
25,true,26,0.2063641720683559,,tp,2.0,,,284.0,67.0,136.0
26,true,,,,fn,2.0,,,289.0,109.0,53.0
27,true,29,0.2530973451327434,,tp,2.0,,,305.0,99.0,52.0
28,true,30,0.17150480256136602,,tp,2.0,,,320.0,188.0,55.0
29,true,,,,fn,3.0,,,37.0,126.0,133.0
30,true,3,0.10667639547610364,,tp,3.0,,,63.0,84.0,120.0
31,true,31,0.14674609757936807,,tp,3.0,,,72.0,227.0,116.0
32,true,32,0.24737042199974657,,tp,3.0,,,84.0,234.0,103.0
33,true,33,0.18240541371885577,,tp,3.5,,,100.5,184.5,108.5
34,true,34,0.17648272305312018,,tp,3.0,,,99.0,163.0,140.0
35,true,35,0.42495018817799424,,tp,3.5,,,126.0,228.0,62.0
36,true,36,0.1646717446499819,,tp,3.0,,,150.0,171.0,42.0
37,true,,,,fn,3.0,,,162.0,83.0,114.0
38,true,62,0.1758160237388724,,tp,3.5,,,166.5,219.0,129.0
39,true,16,0.16035493582633498,,tp,3.0,,,170.0,68.0,82.0
40,true,38,0.18447488584474891,,tp,3.0,,,180.0,157.0,64.0
41,true,39,0.15150004983554277,,tp,3.0,,,192.0,82.0,78.0
42,true,42,0.16124736433248255,,tp,3.0,,,216.0,227.0,106.0
43,true,43,0.25992465951898003,,tp,3.5,,,227.0,215.5,61.5
44,true,44,0.2143420904273312,,tp,3.0,,,261.0,134.0,33.0
45,true,45,0.21311475409836067,,tp,3.0,,,271.0,90.0,72.0
46,true,46,0.2502712477396022,,tp,3.0,,,272.0,209.0,61.0
47,true,49,0.19993033786137238,,tp,3.0,,,304.0,219.0,112.0
48,true,50,0.2427234927234927,,tp,3.0,,,319.0,120.0,53.0
49,true,51,0.19276105060858417,,tp,4.0,,,26.0,179.5,104.5
50,true,52,0.2717480229070084,,tp,4.0,,,69.0,92.0,82.0
51,true,53,0.14884393063583812,,tp,4.0,,,78.0,205.0,93.0
52,true,54,0.19461883408071745,,tp,4.0,,,81.0,174.0,115.0
53,true,7,0.15039754765782165,,tp,4.0,,,91.0,109.0,63.0
54,true,55,0.20241904518110843,,tp,4.0,,,99.0,188.5,49.0
55,true,,,,fn,4.0,,,104.0,186.0,90.0
56,true,56,0.16377918863660823,,tp,4.0,,,111.0,221.0,55.0
57,true,57,0.18353576248313086,,tp,4.0,,,138.0,195.0,40.0
58,true,58,0.19391716997411557,,tp,4.0,,,141.0,129.0,35.0
59,true,60,0.16767645383460206,,tp,4.5,,,154.0,172.5,93.0
60,true,,,,fn,4.5,,,155.0,78.0,139.5
61,true,,,,fn,4.0,,,163.0,70.0,100.0
62,true,40,0.1169622309462569,,tp,4.0,,,208.0,152.0,119.0
63,true,,,,fn,4.0,,,230.0,187.0,127.0
64,true,63,0.1927591881513988,,tp,4.0,,,248.0,84.0,92.0
65,true,,,,fn,4.0,,,263.0,80.0,145.0
66,true,64,0.1540247678018576,,tp,4.0,,,270.0,183.0,41.0
67,true,65,0.19976012793176978,,tp,4.0,,,275.0,160.0,121.0
68,true,66,0.22634797109505278,,tp,4.0,,,277.0,108.0,85.0
69,true,47,0.2181149732620321,,tp,4.5,,,281.0,84.0,118.0
70,true,28,0.10140299445084289,,tp,4.0,,,300.0,124.0,59.0
71,true,48,0.18221358504534524,,tp,4.0,,,306.0,174.0,79.0
72,true,67,0.17199838023891478,,tp,4.0,,,307.0,221.0,87.0
73,true,68,0.17458887136742507,,tp,4.0,,,322.0,88.0,78.0
74,true,69,0.18505231689088197,,tp,5.0,,,40.0,126.0,86.0
75,true,70,0.226315220913903,,tp,5.0,,,84.0,165.0,93.0
76,true,5,0.11324546367988653,,tp,5.0,,,92.0,61.0,92.0
77,true,,,,fn,5.0,,,116.0,225.0,105.0
78,true,,,,fn,5.0,,,126.0,218.0,94.0
79,true,71,0.13785670293574215,,tp,5.0,,,136.0,79.0,105.0
80,true,,,,fn,5.0,,,141.0,157.0,100.0
81,true,,,,fn,5.0,,,153.0,225.0,132.0
82,true,72,0.15733991252663448,,tp,5.0,,,197.0,132.0,38.0
83,true,41,0.10960012951270848,,tp,5.0,,,209.0,67.0,147.0
84,true,73,0.15401015228426396,,tp,5.0,,,228.0,165.0,115.0
85,true,74,0.1084070796460177,,tp,5.0,,,234.0,106.0,46.0
86,true,,,,fn,5.0,,,238.0,200.0,111.0
87,true,75,0.16146842309182485,,tp,5.0,,,255.0,178.0,66.0
88,true,76,0.17643250242797026,,tp,5.0,,,273.0,76.0,85.0
89,true,78,0.15590068256009493,,tp,5.0,,,293.0,136.0,92.0
90,true,79,0.20203908241291413,,tp,5.0,,,303.0,108.0,94.0
91,true,80,0.2070538157494679,,tp,5.0,,,309.0,81.0,109.0
92,true,81,0.10855444236485745,,tp,6.0,,,108.0,169.0,52.0
93,true,37,0.0718191222107285,,tp,6.0,,,158.0,67.0,115.0
94,true,83,0.15730129390018488,,tp,6.0,,,188.0,117.0,39.0
95,true,99,0.20900483481063659,,tp,6.0,,,190.0,148.0,97.0
96,true,85,0.20379092475588745,,tp,6.0,,,211.0,65.0,88.0
97,true,86,0.22824675324675325,,tp,6.0,,,211.0,98.0,57.0
98,true,88,0.21170297707311514,,tp,6.0,,,221.0,139.0,137.0
99,true,89,0.23207653348339896,,tp,6.0,,,227.0,184.0,148.0
100,true,77,0.1306799336650083,,tp,6.0,,,270.0,114.0,65.0
101,true,,,,fn,6.0,,,294.0,160.0,46.0
102,true,91,0.13826366559485526,,tp,7.0,,,38.0,124.0,142.0
103,true,92,0.14089704769114308,,tp,7.0,,,43.0,99.0,83.0
104,true,,,,fn,7.0,,,67.0,69.0,99.0
105,true,93,0.30254041570438805,,tp,7.5,,,87.0,203.5,59.5
106,true,94,0.1904192917662394,,tp,7.0,,,94.0,213.0,131.0
107,true,95,0.12901401369949095,,tp,7.0,,,115.0,71.0,96.0
108,true,96,0.21297998918334238,,tp,7.0,,,115.0,245.0,66.0
109,true,59,0.17759764185703752,,tp,7.0,,,141.0,201.0,109.0
110,true,,,,fn,7.0,,,154.0,63.0,157.0
111,true,98,0.17866492146596857,,tp,7.0,,,156.0,101.0,75.0
112,true,61,0.1143626570915619,,tp,7.0,,,162.0,89.0,134.0
113,true,84,0.1229907452508524,,tp,7.0,,,199.0,114.0,88.0
114,true,100,0.21535405468567426,,tp,7.0,,,222.0,210.0,101.0
115,true,101,0.21239351149492358,,tp,7.0,,,226.0,85.0,74.0
116,true,102,0.22690437601296598,,tp,7.0,,,265.0,227.0,145.0
117,true,90,0.14460360582859966,,tp,7.0,,,285.0,191.0,114.0
118,true,103,0.20792664892043777,,tp,7.0,,,326.0,182.0,102.0
119,true,104,0.15807371654234315,,tp,8.0,,,81.0,84.0,98.0
120,true,105,0.21301392036257694,,tp,8.0,,,131.0,249.0,124.0
121,true,97,0.17224298253237158,,tp,8.0,,,144.0,121.0,64.0
122,true,106,0.2189828312277292,,tp,8.0,,,166.0,83.0,85.0
123,true,107,0.1977451088758705,,tp,8.0,,,190.0,169.0,44.0
124,true,109,0.2176902458920872,,tp,8.0,,,258.0,157.0,52.0
125,true,110,0.22691632533645412,,tp,8.0,,,262.0,56.0,77.0
126,true,111,0.22961854899027667,,tp,8.0,,,312.0,80.0,137.0
127,true,112,0.32006394884092726,,tp,9.0,,,43.0,147.0,92.0
128,true,113,0.31984496124031003,,tp,9.0,,,69.0,135.0,124.0
129,true,114,0.2777110243316312,,tp,9.0,,,116.0,118.0,59.0
130,true,,,,fn,9.0,,,122.0,86.0,100.0
131,true,115,0.2319988682982035,,tp,9.0,,,140.0,143.0,44.0
132,true,82,0.279747225647349,,tp,9.0,,,172.0,164.0,116.0
133,true,116,0.2237244487365202,,tp,9.0,,,197.0,120.0,56.0
134,true,117,0.35261569416498995,,tp,9.0,,,205.0,184.0,135.0
135,true,118,0.3174956300651517,,tp,9.0,,,229.0,104.0,152.0
136,true,108,0.1924892478757998,,tp,9.0,,,239.0,221.0,45.0
137,true,120,0.31038069482005404,,tp,9.0,,,241.0,232.0,74.0
138,true,119,0.30961506415597406,,tp,9.0,,,243.0,49.0,116.0
139,true,121,0.34253938832252084,,tp,9.0,,,250.0,115.0,62.0
140,true,,,,fn,9.0,,,260.0,115.0,77.0
141,true,122,0.27970139771283353,,tp,9.0,,,264.0,72.0,132.0
142,true,,,,fn,9.0,,,297.0,188.0,85.0
143,true,123,0.2774741081703107,,tp,9.0,,,301.0,168.0,141.0
144,true,124,0.2788306155428235,,tp,9.0,,,317.0,147.0,88.0
0,pred,0,0.18610038610038604,0.9547751545906067,tp,2.0,10179,1.5105197169236695,27.330680813439436,153.6327733569113,67.18361332154436
1,pred,1,0.20528789659224445,0.9454750418663025,tp,2.0,8148,1.197350402132617,43.77356406480118,199.6023564064801,120.80265095729013
2,pred,2,0.23560894386298759,0.9573665261268616,tp,2.0,8280,1.2320511836581203,51.267391304347825,117.39855072463769,114.02463768115942
3,pred,30,0.10667639547610364,0.9537230730056763,tp,2.5464083320569766,13058,1.935615667311677,63.61693980701486,84.26382294378925,125.42786031551539
4,pred,3,0.20329829298871638,0.9432944059371948,tp,2.0,10368,1.5200659208953544,79.31770833333333,141.01967592592592,44.80237268518518
5,pred,76,0.11324546367988653,0.9353089928627014,tp,3.682888915460959,16726,2.4314613891395918,89.54143250029894,63.62656941289011,92.09536051656104
6,pred,4,0.253345342254246,0.9439693689346313,tp,2.0,7632,1.119738056237442,98.39504716981132,132.30778301886792,85.46540880503144
7,pred,53,0.15039754765782165,0.9112744927406311,tp,3.3842424242424243,9900,1.4021826331337757,96.74818181818182,108.13666666666667,63.1069696969697
8,pred,5,0.20283177885155634,0.9643399715423584,tp,2.0,8595,1.2882383524856351,115.49458987783595,150.38150087260036,59.35986038394415
9,pred,6,0.08000496154800296,0.9430440068244934,tp,3.8826836581709148,24012,3.5194959444591762,122.39967516241879,224.0923288355822,97.60482258870564
10,pred,7,0.1724418250177827,0.9494470357894897,tp,2.0,9429,1.391414592390711,127.18771874005726,191.2153993000318,61.776328348711424
11,pred,9,0.18535930154466085,0.9476791024208069,tp,2.0,8481,1.2491901242872938,138.91368942341705,214.82278033250796,59.83268482490272
12,pred,8,0.22170192152430168,0.9265943169593811,tp,2.0,5457,0.7858936161996475,140.1105002748763,248.02528862012093,103.70588235294117
13,pred,11,0.1990800801981366,0.9542633295059204,tp,2.0,8058,1.1951314446483459,164.00632911392404,128.51712583767684,79.15748324646314
14,pred,12,0.22783464043599633,0.9352266788482666,tp,2.0,7128,1.0361073470738693,165.3169191919192,146.74705387205387,137.878367003367
15,pred,13,0.0009668374746205632,0.9364967942237854,tp,2.0,8244,1.1999536004463833,170.2419941775837,225.1783114992722,105.61390101892286
16,pred,39,0.16035493582633498,0.9162302613258362,tp,2.0,5214,0.7424989322005976,170.70138089758342,65.83084004602992,86.52013808975835
17,pred,14,0.19325055714740524,0.9444185495376587,tp,2.0,9135,1.3408902572536703,182.02068965517242,94.8768472906404,66.48768472906404
18,pred,15,0.14597369265319216,0.9510043859481812,tp,2.0,8607,1.2721973829137896,188.04043220634367,167.8055071453468,81.16277448588359
19,pred,16,0.18903464513958967,0.9338356256484985,tp,2.0,8496,1.2331193618782976,194.5021186440678,213.569209039548,89.784604519774
20,pred,18,0.1569227406840783,0.9649950861930847,tp,2.0,8478,1.2715653622979175,208.00601556970983,128.1348195329087,129.15675866949752
21,pred,17,0.19916968277624014,0.9510581493377686,tp,2.0,9156,1.3534213722592505,208.87975098296198,96.54062909567497,45.515072083879424
22,pred,19,0.065041515861188,0.9549434781074524,tp,3.010105353687379,27906,4.1418601601120875,240.7839174371103,198.07901526553428,109.46022360782628
23,pred,20,0.18423502637840072,0.9479667544364929,tp,2.0,9339,1.3759848655801779,247.13684548666882,215.84195309990363,72.05075489881143
24,pred,22,0.430833422488499,0.9556999206542969,tp,2.0,9156,1.3600269331382608,274.83682830930536,61.82372214941022,112.35058977719528
25,pred,23,0.19007092198581566,0.9569355249404907,tp,2.0,7959,1.1837537210317766,277.66113833396156,216.10403316999623,95.18469656992085
26,pred,25,0.2063641720683559,0.9399619698524475,tp,2.0,8127,1.1873006825961812,283.9401993355482,68.23366555924696,138.76190476190476
27,pred,24,0.18626002532714225,0.9509621858596802,tp,2.0,9132,1.3497375361884938,284.4168856767411,188.0607752956636,81.061432325887
28,pred,70,0.10140299445084289,0.9561265110969543,tp,3.0526148969889064,18930,2.813106338428824,294.3229793977813,116.77828843106181,59.78557844690967
29,pred,27,0.2530973451327434,0.9174197912216187,tp,2.0,4971,0.7088136019248454,304.90283645141824,100.002414001207,53.907664453832226
30,pred,28,0.17150480256136602,0.9495784044265747,tp,2.0,8868,1.3088102533858286,318.4174560216509,187.74052774018944,58.93809201623816
31,pred,31,0.14674609757936807,0.9207665920257568,tp,3.9928996793403573,13098,1.874453687068827,73.30508474576271,224.5048098946404,115.87471369674759
32,pred,32,0.24737042199974657,0.954049289226532,tp,3.0,7734,1.1468197275594998,85.01706749418153,233.06089992242048,103.61869666408069
33,pred,33,0.18240541371885577,0.9541144967079163,tp,3.547437121935689,18846,2.794729996278909,103.63865011142948,184.94126074498567,102.29369627507164
34,pred,34,0.17648272305312018,0.9455950856208801,tp,3.0,9297,1.3663696675542716,101.40432397547596,161.73313972249113,142.88706034204583
35,pred,35,0.42495018817799424,0.9572539925575256,tp,3.0,8655,1.2876992229149409,126.01143847487002,229.44298093587523,63.40207972270364
36,pred,36,0.1646717446499819,0.9453430771827698,tp,3.0,7524,1.1054991425319232,149.5761562998405,174.25159489633174,45.27591706539075
37,pred,93,0.0718191222107285,0.9546918272972107,tp,4.396721555216891,26903,3.9919407933673354,161.3313013418578,71.73534550050181,111.96483663531949
38,pred,40,0.18447488584474891,0.9354190230369568,tp,3.0,9564,1.3904838213126913,180.92942283563363,156.59849435382685,67.20577164366374
39,pred,41,0.15150004983554277,0.9537422060966492,tp,3.0,9444,1.3999326914479369,192.13214739517153,84.62261753494282,81.74491740787802
40,pred,62,0.1169622309462569,0.9563926458358765,tp,3.466963107065935,14393,2.1394775236620913,209.07725977905926,150.35871604252068,122.96150906690752
41,pred,83,0.10960012951270848,0.8392478227615356,tp,3.851422550052687,4745,0.6189372414968614,210.6758693361433,67.5968387776607,148.26174920969441
42,pred,42,0.16124736433248255,0.9444374442100525,tp,3.0,8355,1.2264217008064164,218.85026929982047,225.63123877917414,109.32639138240575
43,pred,43,0.25992465951898003,0.9303927421569824,tp,3.0,8826,1.2762930725546389,225.93473827328347,214.73147518694765,66.93915703602991
44,pred,44,0.2143420904273312,0.9329268932342529,tp,3.0,8661,1.2558443791957277,259.7748527883616,134.16418427433322,35.13266366470384
45,pred,45,0.21311475409836067,0.9456499218940735,tp,3.0,9435,1.3867317865423419,272.2496025437202,91.31987281399046,72.27726550079491
46,pred,46,0.2502712477396022,0.9524704217910767,tp,3.0,8262,1.2230856295591008,272.0780682643428,208.859477124183,61.6437908496732
47,pred,69,0.2181149732620321,0.9233999848365784,tp,4.2142092109960725,14005,2.009986549695611,281.781292395573,83.47261692252766,120.55016065690825
48,pred,71,0.18221358504534524,0.9409206509590149,tp,3.674104631539471,10666,1.5598209702768755,305.7612038252391,173.73176448528034,81.14119632477029
49,pred,47,0.19993033786137238,0.9412508010864258,tp,3.0,8226,1.2034117262236768,306.22975929978116,217.76586433260394,113.7618526622903
50,pred,48,0.2427234927234927,0.941371500492096,tp,3.0,7455,1.0907591603292242,319.7440643863179,121.34969818913481,54.23501006036217
51,pred,49,0.19276105060858417,0.9461254477500916,tp,4.0,14403,2.1179800229156296,25.93418037908769,178.17225578004582,108.1426786086232
52,pred,50,0.2717480229070084,0.9413617849349976,tp,4.0,7218,1.0560722151339148,69.52119700748129,92.68661679135495,82.3171238570241
53,pred,51,0.14884393063583812,0.9286528825759888,tp,4.0,11406,1.6462923245264065,80.0228826933193,203.30641767490795,96.0312993161494
54,pred,52,0.19461883408071745,0.9673375487327576,tp,4.0,8547,1.2850260296696634,82.22499122499123,174.8143208143208,117.94699894699895
55,pred,54,0.20241904518110843,0.9507010579109192,tp,4.0,14601,2.15747987422201,99.78693240189028,188.2597082391617,54.152866242038215
56,pred,56,0.16377918863660823,0.9611766338348389,tp,4.0,8706,1.3005948871779027,110.16884906960716,220.7801516195727,59.396623018607855
57,pred,57,0.18353576248313086,0.9429837465286255,tp,4.0,8415,1.233327747848275,135.90338680926916,196.4017825311943,42.741176470588236
58,pred,58,0.19391716997411557,0.9667813777923584,tp,4.0,8961,1.3464955694455016,140.9685302979578,129.19250083696016,38.255440241044525
59,pred,109,0.17759764185703752,0.8900995850563049,tp,6.252175829018398,9077,1.2557439920994589,142.87848408064337,203.08152473284125,108.39748815688003
60,pred,59,0.16767645383460206,0.9520643949508667,tp,4.5442692706344445,18331,2.7125181714258417,146.39855981670394,163.1028312694343,97.05057007255469
61,pred,112,0.1143626570915619,0.905193567276001,tp,5.956153100775194,16512,2.323064744827257,159.5109011627907,82.54003149224806,140.20603197674419
62,pred,38,0.1758160237388724,0.9383062124252319,tp,4.53790028374544,14802,2.1586645853467434,160.08613700851237,219.88832590190515,130.69922983380624
63,pred,64,0.1927591881513988,0.9567303657531738,tp,4.0,8763,1.3030543938306467,249.49469359808285,83.6730571722013,94.92605272167066
64,pred,66,0.1540247678018576,0.9139123558998108,tp,4.0,5346,0.7593704242608107,271.89842873176207,181.75869809203144,45.825476992143656
65,pred,67,0.19976012793176978,0.9380877017974854,tp,4.0,6894,1.0051593030422388,276.08659704090513,162.8881636205396,122.61314186248912
66,pred,68,0.22634797109505278,0.9617264270782471,tp,4.0,8922,1.333625662883112,278.2548755884331,108.6661062542031,85.70746469401479
67,pred,72,0.17199838023891478,0.9432098269462585,tp,4.0,9468,1.3879912909621144,305.8358681875792,221.36121673003802,90.90589353612167
68,pred,73,0.17458887136742507,0.9589160680770874,tp,4.0,8319,1.2398578476989908,322.805625676163,86.38009376126938,81.65705012621709
69,pred,74,0.18505231689088197,0.9350499510765076,tp,5.0,9783,1.4217624513637699,41.584483287335175,125.68506593069611,87.90585709904937
70,pred,75,0.226315220913903,0.9665092825889587,tp,5.0,9243,1.3884784943086814,84.62122687439143,164.25770853618954,93.64524505030835
71,pred,79,0.13785670293574215,0.9392215013504028,tp,5.0,8976,1.310300917492789,135.05447860962568,81.4024064171123,109.7159090909091
72,pred,82,0.15733991252663448,0.9453378319740295,tp,5.0,8211,1.2064331598154125,198.57910120569966,134.8498355864085,41.322616002922906
73,pred,84,0.15401015228426396,0.9608342051506042,tp,5.0,9258,1.3825657906149638,228.97634478289046,164.4951393389501,119.70641607258587
74,pred,85,0.1084070796460177,0.8282685279846191,tp,5.0,1398,0.17996933256817146,233.5343347639485,111.05364806866953,45.201716738197426
75,pred,87,0.16146842309182485,0.9394869208335876,tp,5.0,9882,1.4429648864187852,256.9319975713418,180.4420157862781,68.66970248937461
76,pred,88,0.17643250242797026,0.9334291815757751,tp,5.0,8793,1.2756708220052178,273.431934493347,78.13067212555441,88.03104742408735
77,pred,100,0.1306799336650083,0.9254124760627747,tp,6.811194429566149,14936,2.1482747806511693,267.1189742903053,113.71230583824317,71.21585431173004
78,pred,89,0.15590068256009493,0.9536980390548706,tp,5.0,9576,1.4194339944356114,292.3076441102757,137.7687969924812,96.08521303258145
79,pred,90,0.20203908241291413,0.9131579399108887,tp,5.0,4965,0.704669261526889,300.7546827794562,108.05740181268882,96.9202416918429
80,pred,91,0.2070538157494679,0.9621257185935974,tp,5.0,9801,1.4656233927403481,309.15090296908477,81.05570860116315,106.97826752372207
81,pred,92,0.10855444236485745,0.9443230032920837,tp,6.513395085695269,18029,2.6461373494427516,111.53890953463863,164.5514448943369,47.477397526207774
82,pred,132,0.279747225647349,0.9563084244728088,tp,8.458831126896998,6194,0.9206389770990452,171.96480464966095,163.88957055214723,119.05295447206974
83,pred,94,0.15730129390018488,0.8446510434150696,tp,6.0,4152,0.5450732168735561,190.9277456647399,115.76589595375722,42.854046242774565
84,pred,113,0.1229907452508524,0.931423544883728,tp,6.440890481064483,11724,1.697239758644197,200.80655066530196,112.93108154213579,92.28377686796316
85,pred,96,0.20379092475588745,0.9365096092224121,tp,6.0,8370,1.2183101737343236,210.6179211469534,66.3426523297491,90.72652329749104
86,pred,97,0.22824675324675325,0.9473371505737305,tp,6.0,9240,1.3604942639304878,211.36363636363637,98.51038961038961,56.83896103896104
87,pred,,,0.9124698638916016,fp,6.0,6729,0.954309469370607,215.94828354881855,233.80740080249666,134.7164511814534
88,pred,98,0.21170297707311514,0.9511429667472839,tp,6.0,8514,1.2586344705061066,222.77660324171953,140.1952078928823,136.0186751233263
89,pred,99,0.23207653348339896,0.94447261095047,tp,6.0,8838,1.297369071597812,227.78716904276985,184.61405295315683,147.10285132382893
90,pred,117,0.14460360582859966,0.896035373210907,tp,6.5251396648044695,7160,0.997145083237327,288.7949720670391,188.78505586592178,112.55614525139664
91,pred,102,0.13826366559485526,0.8972641229629517,tp,7.0,2493,0.34766642864103503,35.49699157641396,128.69434416365823,141.41034897713598
92,pred,103,0.14089704769114308,0.9425243735313416,tp,7.0,9948,1.4572985789486135,43.34650180940893,98.25,88.07056694813028
93,pred,105,0.30254041570438805,0.9590246081352234,tp,7.0,9318,1.388905290612902,84.96844816484224,204.24307791371538,61.899549259497746
94,pred,106,0.1904192917662394,0.9412530064582825,tp,7.0,8850,1.2947020095701158,95.28203389830509,214.23796610169492,133.71389830508474
95,pred,107,0.12901401369949095,0.956738293170929,tp,7.590590906224381,15857,2.3579487312158265,118.37642681465599,78.27073216875827,98.94904458598727
96,pred,108,0.21297998918334238,0.9408631920814514,tp,7.0,9105,1.3314553398975633,116.73904448105436,246.29884678747942,66.25271828665568
97,pred,121,0.17224298253237158,0.9543710350990295,tp,7.608084358523726,11380,1.688028159505306,141.58796133567662,119.64349736379613,64.29112478031634
98,pred,111,0.17866492146596857,0.936843991279602,tp,7.0,8697,1.266359231807638,156.22111072783719,102.83822007588823,78.33183856502242
99,pred,95,0.20900483481063659,0.939446210861206,tp,7.0,9894,1.444654517971683,191.22013341419043,148.27107337780473,98.12067919951485
100,pred,114,0.21535405468567426,0.957281231880188,tp,7.0,8292,1.2337268393922196,222.70767004341533,209.90774240231548,103.57018813314038
101,pred,115,0.21239351149492358,0.9407642483711243,tp,7.0,8280,1.210685431459608,226.5909420289855,84.65978260869565,76.53152173913044
102,pred,116,0.22690437601296598,0.9405232667922974,tp,7.0,9246,1.3515857608096733,265.16547696301103,226.31732641142116,146.1404931862427
103,pred,118,0.20792664892043777,0.940511167049408,tp,7.0,10143,1.4826906776092568,326.0913930789707,182.71132800946467,101.73676427092576
104,pred,119,0.15807371654234315,0.945902407169342,tp,8.0,8448,1.2419966112140686,81.015625,85.90234375,102.36186079545455
105,pred,120,0.21301392036257694,0.9393130540847778,tp,8.0,9132,1.3332034713703669,131.71189224704335,247.7894218134034,122.33311432325887
106,pred,122,0.2189828312277292,0.9682679176330566,tp,8.0,9180,1.3815238872231659,166.14738562091503,84.7437908496732,84.95653594771242
107,pred,123,0.1977451088758705,0.9423224925994873,tp,8.0,8727,1.2781584882639248,188.8088690271571,169.77071158473703,46.73014781711929
108,pred,136,0.1924892478757998,0.9578437805175781,tp,8.010584296360298,9259,1.3784116744717017,240.99686791230155,220.74014472405227,47.285019980559454
109,pred,124,0.2176902458920872,0.9331468939781189,tp,8.0,8340,1.2095845764983104,258.5172661870504,158.88345323741007,53.492446043165465
110,pred,125,0.22691632533645412,0.932118833065033,tp,8.096835820895523,8375,1.2133225620972166,263.208,57.083701492537315,78.11510447761194
111,pred,126,0.22961854899027667,0.9338332414627075,tp,8.0,6111,0.886955412104064,309.76779577810504,78.52135493372607,136.99705449189986
112,pred,127,0.32006394884092726,0.9356882572174072,tp,8.5,6148,0.8940981844256517,44.442094990240726,147.85426154847104,91.21698113207547
113,pred,128,0.31984496124031003,0.9350273609161377,tp,8.5,6404,0.9306702206717685,68.61180512179888,135.26764522173642,122.32229856339788
114,pred,129,0.2777110243316312,0.9683288931846619,tp,8.5,6398,0.9629135572559533,116.13723038449515,119.14535792435136,61.83088465145358
115,pred,131,0.2319988682982035,0.9477234482765198,tp,8.5,6600,0.972177882568563,141.5381818181818,145.42303030303032,47.31515151515151
116,pred,133,0.2237244487365202,0.957260012626648,tp,8.5,5494,0.8174077437583731,198.63523844193665,120.78194393884237,60.50382235165635
117,pred,134,0.35261569416498995,0.9454923272132874,tp,8.5,5958,0.8755454243480523,204.64719704598858,184.27727425310508,136.17019133937563
118,pred,135,0.3174956300651517,0.9615936875343323,tp,8.5,6182,0.9239336390924007,229.99352960207054,105.17114202523456,153.11711420252345
119,pred,138,0.30961506415597406,0.9684772491455078,tp,8.5,5750,0.8655206674540086,242.10052173913044,50.67895652173913,117.59721739130435
120,pred,137,0.31038069482005404,0.9406851530075073,tp,8.5,4190,0.6126021088438671,243.40620525059666,229.94033412887828,74.1928400954654
121,pred,139,0.34253938832252084,0.94025719165802,tp,8.5,5134,0.7502788484840018,248.94234514998053,114.32450331125828,63.774444877288666
122,pred,141,0.27970139771283353,0.9556742906570435,tp,8.5,5948,0.8834887784390351,266.2743779421654,72.97948890383321,134.09986550100874
123,pred,143,0.2774741081703107,0.9458134770393372,tp,8.5,6772,0.9955031131350294,302.2356763142351,168.30596574128765,143.72445363260485
124,pred,144,0.2788306155428235,0.9363004565238953,tp,8.5,6596,0.9598780423743583,318.20648878107943,146.61067313523347,90.76197695573074
