match_id,pred_rendered_center_vs_replay_rounded_distance,replay_iou,replay_pred_index,replay_pred_t,replay_spatial_distance_raw_voxels,replay_true_index,replay_true_t,saved_row_present,true_rendered_center_vs_replay_rounded_distance
2,0.0,0.430833422488499,24,2.0,1.621471675835888,22,2.5,True,0.0
3,0.0,0.42495018817799424,35,3.0,2.0120020797264133,35,3.5,True,0.0
4,0.0,0.35261569416498995,117,8.5,1.2532751918648615,134,9.0,True,0.0
5,0.0,0.34253938832252084,121,8.5,2.1733808181740097,139,9.0,True,0.0
6,0.0,0.32006394884092726,112,8.5,1.850005216641118,127,9.0,True,0.0
7,0.0,0.31984496124031003,113,8.5,1.742702309218857,128,9.0,True,0.0
8,0.0,0.3174956300651517,118,8.5,1.8991100165447383,135,9.0,True,0.0
9,0.0,0.31038069482005404,120,8.5,3.1732057152163375,137,9.0,True,0.0
10,0.0,0.30961506415597406,119,8.5,2.485771417236986,138,9.0,True,0.0
11,0.0,0.30254041570438805,93,7.0,3.2306662306002205,105,7.5,True,0.0
12,0.0,0.279747225647349,82,8.458831126896998,3.0551537414947223,132,9.0,True,0.0
13,0.0,0.27970139771283353,122,8.5,3.2467874366622236,141,9.0,True,0.0
14,0.0,0.2788306155428235,124,8.5,3.0390306498104187,144,9.0,True,0.0
15,0.0,0.2777110243316312,114,8.5,3.056891372479336,129,9.0,True,0.0
16,0.0,0.2774741081703107,123,8.5,3.007184494609049,143,9.0,True,0.0
17,0.0,0.2717480229070084,52,4.0,0.9185077460053683,50,4.0,True,0.0
18,0.0,0.25992465951898003,43,3.0,5.5955198326230535,43,3.5,True,0.0
19,0.0,0.253345342254246,6,2.0,1.5024953738706899,4,2.0,True,0.0
20,0.0,0.2530973451327434,29,2.0,2.1571875795590496,27,2.0,True,0.0
21,0.0,0.2502712477396022,46,3.0,0.6635570741453358,46,3.0,True,0.0
22,0.0,0.24737042199974657,32,3.0,1.5162851992864472,32,3.0,True,0.0
23,0.0,0.2427234927234927,50,3.0,1.974985281447997,48,3.0,True,0.0
24,0.0,0.23560894386298759,2,2.0,1.6777978948900423,2,2.0,True,0.0
25,0.0,0.23207653348339896,89,6.0,1.3422264631318086,99,6.0,True,0.0
26,0.0,0.2319988682982035,115,8.5,4.384895520260393,131,9.0,True,0.0
27,0.0,0.22961854899027667,111,8.0,2.6775241541916817,126,8.0,True,0.0
28,0.0,0.22824675324675325,86,6.0,0.6470413482342922,97,6.0,True,0.0
29,0.0,0.22783464043599633,14,2.0,2.630420706582607,12,2.0,True,0.0
30,0.0,0.22691632533645412,110,8.096835820895523,1.9690431485668005,125,8.0,True,0.0
31,0.0,0.22690437601296598,102,7.0,1.3394590556252566,116,7.0,True,0.0
32,0.0,0.22634797109505278,66,4.0,1.5871095039760896,68,4.0,True,0.0
33,0.0,0.226315220913903,70,5.0,1.1632973057905,75,5.0,True,0.0
34,0.0,0.2237244487365202,116,8.5,4.854879695807003,133,9.0,True,0.0
35,0.0,0.22170192152430168,12,2.0,3.083029750509158,8,2.0,True,0.0
36,0.0,0.2189828312277292,106,8.0,1.750547963495362,122,8.0,True,0.0
37,0.0,0.2181149732620321,47,4.2142092109960725,2.7187993846231318,69,4.5,True,0.0
38,0.0,0.2176902458920872,109,8.0,2.458120338294355,124,8.0,True,0.0
39,0.0,0.21535405468567426,100,7.0,2.6674286109310583,114,7.0,True,0.0
40,0.0,0.2143420904273312,44,3.0,2.464994213557439,44,3.0,True,0.0
41,0.0,0.21311475409836067,45,3.0,1.8385991733692535,45,3.0,True,0.0
42,0.0,0.21301392036257694,105,8.0,2.179632532467036,120,8.0,True,0.0
43,0.0,0.21297998918334238,96,7.0,2.1852105657902703,108,7.0,True,0.0
44,0.0,0.21239351149492358,101,7.0,2.621748018146946,115,7.0,True,0.0
45,0.0,0.21170297707311514,88,6.0,2.3553852125024424,98,6.0,True,0.0
46,0.0,0.20900483481063659,99,7.0,1.678728147379351,95,6.0,True,0.0
47,0.0,0.20792664892043777,103,7.0,0.7639589524273923,118,7.0,True,0.0
48,0.0,0.2070538157494679,80,5.0,2.0281216334231673,91,5.0,True,0.0
49,0.0,0.2063641720683559,26,2.0,3.0254957850529514,25,2.0,True,0.0
50,0.0,0.20528789659224445,1,2.0,2.83976161827292,1,2.0,True,0.0
51,0.0,0.20379092475588745,85,6.0,3.0631077062825462,96,6.0,True,0.0
52,0.0,0.20329829298871638,4,2.0,1.8302658340886255,3,2.0,True,0.0
53,0.0,0.20283177885155634,8,2.0,2.819269914434152,5,2.0,True,0.0
54,0.0,0.20241904518110843,55,4.0,5.218144616988744,54,4.0,True,0.0
55,0.0,0.20203908241291413,79,5.0,3.6840949943979613,90,5.0,True,0.0
56,0.0,0.19993033786137238,49,3.0,3.0982321062372185,47,3.0,True,0.0
57,0.0,0.19976012793176978,65,4.0,3.482012190792412,67,4.0,True,0.0
58,0.0,0.19916968277624014,21,2.0,2.7187918637186073,17,2.0,True,0.0
59,0.0,0.1990800801981366,13,2.0,3.3502987051192017,11,2.0,True,0.0
60,0.0,0.1977451088758705,107,8.0,3.0767672067666654,123,8.0,True,0.0
61,0.0,0.19461883408071745,54,4.0,3.293709866329229,52,4.0,True,0.0
62,0.0,0.19391716997411557,58,4.0,3.261278595488129,58,4.0,True,0.0
63,0.0,0.19325055714740524,17,2.0,3.1814165621908943,14,2.0,True,0.0
64,0.0,0.19276105060858417,51,4.0,3.877672547010621,49,4.0,True,0.0
65,0.0,0.1927591881513988,63,4.0,3.301936567348792,64,4.0,True,0.0
66,0.0,0.1924892478757998,108,8.010584296360298,3.045705589050485,136,9.0,True,0.0
67,0.0,0.1904192917662394,94,7.0,3.2467545327127656,106,7.0,True,0.0
68,0.0,0.19007092198581566,25,2.0,3.5689773554506945,23,2.0,True,0.0
69,0.0,0.18903464513958967,19,2.0,3.45077208908219,16,2.0,True,0.0
70,0.0,0.18626002532714225,27,2.0,3.3739630323260807,24,2.0,True,0.0
71,0.0,0.18610038610038604,0,2.0,2.583357112881613,0,2.0,True,0.0
72,0.0,0.18535930154466085,11,2.0,3.522527778420209,9,2.0,True,0.0
73,0.0,0.18505231689088197,69,5.0,2.4984119031596195,74,5.0,True,0.0
74,0.0,0.18447488584474891,38,3.0,3.36184553818653,40,3.0,True,0.0
75,0.0,0.18423502637840072,23,2.0,3.1744479817971536,20,2.0,True,0.0
76,0.0,0.18353576248313086,57,4.0,3.7248932305791818,57,4.0,True,0.0
77,0.0,0.18240541371885577,33,3.547437121935689,6.968790533019433,33,3.5,True,0.0
78,0.0,0.18221358504534524,48,3.674104631539471,2.1711046970717867,71,4.0,True,0.0
79,0.0,0.17866492146596857,98,7.0,3.811704503858333,111,7.0,True,0.0
80,0.0,0.17759764185703752,59,6.252175829018398,2.867833359133725,109,7.0,True,0.0
81,0.0,0.17648272305312018,34,3.0,3.96494970464849,34,3.0,True,0.0
82,0.0,0.17643250242797026,76,5.0,3.7300910981132924,88,5.0,True,0.0
83,0.0,0.1758160237388724,62,4.53790028374544,6.694336666889967,38,3.5,True,0.0
84,0.0,0.17458887136742507,68,4.0,4.080091246287991,73,4.0,True,0.0
85,0.0,0.1724418250177827,10,2.0,3.868701784964809,7,2.0,True,0.0
86,0.0,0.17224298253237158,97,7.608084358523726,2.7825857682977504,121,8.0,True,0.0
87,0.0,0.17199838023891478,67,4.0,4.091660386477173,72,4.0,True,0.0
88,0.0,0.17150480256136602,30,2.0,4.252098308527096,28,2.0,True,0.0
89,0.0,0.16767645383460206,60,4.5442692706344445,12.747383689354681,59,4.5,True,0.0
90,0.0,0.1646717446499819,36,3.0,4.635099294657435,36,3.0,True,0.0
91,0.0,0.16377918863660823,56,4.0,4.479892760683209,56,4.0,True,0.0
92,0.0,0.16146842309182485,75,5.0,4.101629809950561,87,5.0,True,0.0
93,0.0,0.16124736433248255,42,3.0,4.589381438721232,42,3.0,True,0.0
94,0.0,0.16035493582633498,16,2.0,5.062493300725113,39,3.0,True,0.0
95,0.0,0.15807371654234315,104,8.0,4.7586747611821965,119,8.0,True,0.0
96,0.0,0.15733991252663448,72,5.0,4.653482630276137,82,5.0,True,0.0
97,0.0,0.15730129390018488,83,6.0,4.994835324192455,94,6.0,True,0.0
98,0.0,0.1569227406840783,20,2.0,4.672914857089761,18,2.0,True,0.0
99,0.0,0.15590068256009493,78,5.0,4.505215311194331,89,5.0,True,0.0
100,0.0,0.1540247678018576,64,4.0,5.331987460414167,66,4.0,True,0.0
101,0.0,0.15401015228426396,73,5.0,4.833061728392028,84,5.0,True,0.0
102,0.0,0.15150004983554277,39,3.0,4.573837782482889,41,3.0,True,0.0
103,0.0,0.15039754765782165,7,3.3842424242424243,5.813637516683533,53,4.0,True,0.0
104,0.0,0.14884393063583812,53,4.0,4.018588188267465,51,4.0,True,0.0
105,0.0,0.14674609757936807,31,3.9928996793403573,2.8186728283519566,31,3.0,True,0.0
106,0.0,0.14597369265319216,18,2.0,5.225391556295579,15,2.0,True,0.0
107,0.0,0.14460360582859966,90,6.5251396648044695,4.625203459498739,117,7.0,True,0.0
108,0.0,0.14089704769114308,92,7.0,5.137432498767732,103,7.0,True,0.0
109,0.0,0.13826366559485526,91,7.0,5.352532729855963,102,7.0,True,0.0
110,0.0,0.13785670293574215,71,5.0,5.376371066654236,79,5.0,True,0.0
111,0.0,0.1306799336650083,77,6.811194429566149,6.857107400010869,100,6.0,True,0.0
112,0.0,0.12901401369949095,95,7.590590906224381,8.541701720072245,107,7.0,True,0.0
113,0.0,0.1229907452508524,84,6.440890481064483,4.7704251624317475,113,7.0,True,0.0
114,0.0,0.1169622309462569,40,3.466963107065935,4.42129570916132,62,4.0,True,0.0
115,0.0,0.1143626570915619,61,5.956153100775194,9.2973995847718,112,7.0,True,0.0
116,0.0,0.11324546367988653,5,3.682888915460959,3.5989602192070738,76,5.0,True,0.0
117,0.0,0.10960012951270848,41,3.851422550052687,2.1810010606392196,83,5.0,True,0.0
118,0.0,0.10855444236485745,81,6.513395085695269,7.264121169035457,92,6.0,True,0.0
119,0.0,0.1084070796460177,74,5.0,5.137456479631564,85,5.0,True,0.0
120,0.0,0.10667639547610364,3,2.5464083320569766,5.469175886355821,30,3.0,True,0.0
121,0.0,0.10140299445084289,28,3.0526148969889064,9.219480158837607,70,4.0,True,0.0
122,0.0,0.08000496154800296,9,3.8826836581709148,11.978599618750785,6,2.0,True,0.0
123,0.0,0.0718191222107285,37,4.396721555216891,6.537069855040943,93,6.0,True,0.0
124,0.0,0.065041515861188,22,3.010105353687379,10.425667407814926,19,2.0,True,0.0
125,0.0,0.0009668374746205632,15,2.0,15.506114089492371,13,2.0,True,0.0
