path,shape,dtype,axes,pages,bytes,min,max
DARE3d_data_190326/Gastruloid_241025/test_input/movie2.tif,10x180x305x362,uint16,QQYX,1800,397774890,0.0,65535.0
DARE3d_data_190326/Gastruloid_241025/trainingset/movie1/im/1.tif,10x36x100x100,float64,QQYX,360,28864174,0.0,1.0
DARE3d_data_190326/Gastruloid_241025/trainingset/movie1/im/10.tif,21x36x100x100,float64,QQYX,756,60614662,0.0,1.0
DARE3d_data_190326/Gastruloid_241025/trainingset/movie1/im/11.tif,21x36x100x100,float64,QQYX,756,60614662,0.0,1.0
DARE3d_data_190326/Gastruloid_241025/trainingset/movie1/im/12.tif,21x36x100x100,float64,QQYX,756,60614662,0.0,1.0
DARE3d_data_190326/Gastruloid_241025/trainingset/movie1/im/13.tif,21x36x100x100,float64,QQYX,756,60614662,0.0,1.0
DARE3d_data_190326/Gastruloid_241025/trainingset/movie1/im/14.tif,21x36x100x100,float64,QQYX,756,60614662,0.0,1.0
DARE3d_data_190326/Gastruloid_241025/trainingset/movie1/im/2.tif,10x36x100x100,float64,QQYX,360,28864174,0.0,1.0
DARE3d_data_190326/Gastruloid_241025/trainingset/movie1/im/3.tif,10x36x100x100,float64,QQYX,360,28864174,0.0,1.0
DARE3d_data_190326/Gastruloid_241025/trainingset/movie1/im/4.tif,10x36x100x100,float64,QQYX,360,28864174,0.0,1.0
DARE3d_data_190326/Gastruloid_241025/trainingset/movie1/im/5.tif,10x36x100x100,float64,QQYX,360,28864174,0.0,1.0
DARE3d_data_190326/Gastruloid_241025/trainingset/movie1/im/6.tif,10x36x100x100,float64,QQYX,360,28864174,0.0,1.0
DARE3d_data_190326/Gastruloid_241025/trainingset/movie1/im/7.tif,21x36x100x100,float64,QQYX,756,60614662,0.0,1.0
DARE3d_data_190326/Gastruloid_241025/trainingset/movie1/im/8.tif,21x36x100x100,float64,QQYX,756,60614662,0.0,1.0
DARE3d_data_190326/Gastruloid_241025/trainingset/movie1/im/9.tif,21x36x100x100,float64,QQYX,756,60614662,0.0,1.0
DARE3d_data_190326/Gastruloid_241025/trainingset/movie1/label/1.tif,10x36x100x100,int64,QQYX,360,116937,0.0,14.0
DARE3d_data_190326/Gastruloid_241025/trainingset/movie1/label/10.tif,21x36x100x100,int32,QQYX,756,294822,0.0,22.0
DARE3d_data_190326/Gastruloid_241025/trainingset/movie1/label/11.tif,21x36x100x100,int64,QQYX,756,244617,0.0,16.0
DARE3d_data_190326/Gastruloid_241025/trainingset/movie1/label/12.tif,21x36x100x100,int32,QQYX,756,295478,0.0,26.0
DARE3d_data_190326/Gastruloid_241025/trainingset/movie1/label/13.tif,21x36x100x100,int64,QQYX,756,250137,0.0,34.0
DARE3d_data_190326/Gastruloid_241025/trainingset/movie1/label/14.tif,21x36x100x100,int32,QQYX,756,301046,0.0,54.0
DARE3d_data_190326/Gastruloid_241025/trainingset/movie1/label/2.tif,10x36x100x100,int32,QQYX,360,139718,0.0,14.0
DARE3d_data_190326/Gastruloid_241025/trainingset/movie1/label/3.tif,10x36x100x100,int64,QQYX,360,117481,0.0,26.0
DARE3d_data_190326/Gastruloid_241025/trainingset/movie1/label/4.tif,10x36x100x100,int32,QQYX,360,87629,0.0,22.0
DARE3d_data_190326/Gastruloid_241025/trainingset/movie1/label/5.tif,10x36x100x100,int64,QQYX,360,117657,0.0,30.0
DARE3d_data_190326/Gastruloid_241025/trainingset/movie1/label/6.tif,10x36x100x100,int32,QQYX,360,139686,0.0,18.0
DARE3d_data_190326/Gastruloid_241025/trainingset/movie1/label/7.tif,21x36x100x100,int64,QQYX,756,253673,0.0,30.0
DARE3d_data_190326/Gastruloid_241025/trainingset/movie1/label/8.tif,21x36x100x100,int32,QQYX,756,303142,0.0,38.0
DARE3d_data_190326/Gastruloid_241025/trainingset/movie1/label/9.tif,21x36x100x100,int64,QQYX,756,246009,0.0,26.0
DARE3d_data_190326/Gastruloid_241025/trainingset/movie2/im/movie2.tif,10x180x305x362,uint16,QQYX,1800,397774890,0.0,65535.0
DARE3d_data_190326/Gastruloid_241025/trainingset/movie2/label/movie2.tif,10x180x305x362,uint32,QQYX,1800,4010499,0.0,462.0
DARE3d_data_190326/Gastruloid_241025/trainingset/movie3/im/movie3.tif,28x85x411x424,uint16,TZYX,2380,829825365,0.0,65535.0
DARE3d_data_190326/Gastruloid_241025/trainingset/movie3/label/movie3.tif,28x85x411x424,int64,QQYX,2380,15486894,0.0,422.0
DARE3d_data_190326/Gastruloid_241025/trainingset/movie4/im/movie4.tif,28x152x394x405,uint16,TZYX,4256,1359433824,0.0,65535.0
DARE3d_data_190326/Gastruloid_241025/trainingset/movie4/label/movie4.tif,28x152x394x405,uint32,QQYX,4256,13123314,0.0,644.0
DARE3d_data_190326/Gastruloid_241025/weights/regression3d_exp10-b/runs/01-01/all_true_centers/movie2.tif,10x212x337x394,uint8,QQYX,2120,281841370,,
DARE3d_data_190326/Gastruloid_241025/weights/regression3d_exp10-b/runs/01-01/groundtruth/movie2.tif,10x212x337x394,uint8,QQYX,2120,281841370,,
DARE3d_data_190326/Gastruloid_241025/weights/regression3d_exp10-b/runs/01-01/matched_true_centers/movie2.tif,10x212x337x394,uint8,QQYX,2120,281841370,,
DARE3d_data_190326/Gastruloid_241025/weights/regression3d_exp10-b/runs/01-01/only_gt/movie2.tif,10x394x337x212,uint8,QQYX,3940,282143490,,
DARE3d_data_190326/Gastruloid_241025/weights/regression3d_exp10-b/runs/01-01/pred_centers/movie2.tif,10x212x337x394,uint8,QQYX,2120,281841370,,
DARE3d_data_190326/Gastruloid_241025/weights/regression3d_exp10-b/runs/01-01/regression/0/bipoints_0.tif,3x32x32x32,float32,QSYX,3,395048,,
DARE3d_data_190326/Gastruloid_241025/weights/regression3d_exp10-b/runs/01-01/regression/0/bipoints_1.tif,3x32x32x32,float32,QSYX,3,395048,,
DARE3d_data_190326/Gastruloid_241025/weights/regression3d_exp10-b/runs/01-01/regression/0/bipoints_10.tif,3x32x32x32,float32,QSYX,3,395048,,
DARE3d_data_190326/Gastruloid_241025/weights/regression3d_exp10-b/runs/01-01/regression/0/bipoints_11.tif,3x32x32x32,float32,QSYX,3,395048,,
DARE3d_data_190326/Gastruloid_241025/weights/regression3d_exp10-b/runs/01-01/regression/0/bipoints_2.tif,3x32x32x32,float32,QSYX,3,395048,,
DARE3d_data_190326/Gastruloid_241025/weights/regression3d_exp10-b/runs/01-01/regression/0/bipoints_3.tif,3x32x32x32,float32,QSYX,3,395048,,
DARE3d_data_190326/Gastruloid_241025/weights/regression3d_exp10-b/runs/01-01/regression/0/bipoints_4.tif,3x32x32x32,float32,QSYX,3,395048,,
DARE3d_data_190326/Gastruloid_241025/weights/regression3d_exp10-b/runs/01-01/regression/0/bipoints_5.tif,3x32x32x32,float32,QSYX,3,395048,,
DARE3d_data_190326/Gastruloid_241025/weights/regression3d_exp10-b/runs/01-01/regression/0/bipoints_6.tif,3x32x32x32,float32,QSYX,3,395048,,
DARE3d_data_190326/Gastruloid_241025/weights/regression3d_exp10-b/runs/01-01/regression/0/bipoints_7.tif,3x32x32x32,float32,QSYX,3,395048,,
DARE3d_data_190326/Gastruloid_241025/weights/regression3d_exp10-b/runs/01-01/regression/0/bipoints_8.tif,3x32x32x32,float32,QSYX,3,395048,,
DARE3d_data_190326/Gastruloid_241025/weights/regression3d_exp10-b/runs/01-01/regression/0/bipoints_9.tif,3x32x32x32,float32,QSYX,3,395048,,
DARE3d_data_190326/Gastruloid_241025/weights/regression3d_exp10-b/runs/01-01/regression/0/im_0.tif,3x32x32x32,float32,QSYX,3,395048,,
DARE3d_data_190326/Gastruloid_241025/weights/regression3d_exp10-b/runs/01-01/regression/0/im_1.tif,3x32x32x32,float32,QSYX,3,395048,,
DARE3d_data_190326/Gastruloid_241025/weights/regression3d_exp10-b/runs/01-01/regression/0/im_10.tif,3x32x32x32,float32,QSYX,3,395048,,
DARE3d_data_190326/Gastruloid_241025/weights/regression3d_exp10-b/runs/01-01/regression/0/im_11.tif,3x32x32x32,float32,QSYX,3,395048,,
DARE3d_data_190326/Gastruloid_241025/weights/regression3d_exp10-b/runs/01-01/regression/0/im_2.tif,3x32x32x32,float32,QSYX,3,395048,,
DARE3d_data_190326/Gastruloid_241025/weights/regression3d_exp10-b/runs/01-01/regression/0/im_3.tif,3x32x32x32,float32,QSYX,3,395048,,
DARE3d_data_190326/Gastruloid_241025/weights/regression3d_exp10-b/runs/01-01/regression/0/im_4.tif,3x32x32x32,float32,QSYX,3,395048,,
DARE3d_data_190326/Gastruloid_241025/weights/regression3d_exp10-b/runs/01-01/regression/0/im_5.tif,3x32x32x32,float32,QSYX,3,395048,,
DARE3d_data_190326/Gastruloid_241025/weights/regression3d_exp10-b/runs/01-01/regression/0/im_6.tif,3x32x32x32,float32,QSYX,3,395048,,
DARE3d_data_190326/Gastruloid_241025/weights/regression3d_exp10-b/runs/01-01/regression/0/im_7.tif,3x32x32x32,float32,QSYX,3,395048,,
DARE3d_data_190326/Gastruloid_241025/weights/regression3d_exp10-b/runs/01-01/regression/0/im_8.tif,3x32x32x32,float32,QSYX,3,395048,,
DARE3d_data_190326/Gastruloid_241025/weights/regression3d_exp10-b/runs/01-01/regression/0/im_9.tif,3x32x32x32,float32,QSYX,3,395048,,
DARE3d_data_190326/Gastruloid_241025/weights/regression3d_exp10-b/runs/01-01/regression/0/label_0.tif,3x32x32x32,float32,QSYX,3,395048,,
DARE3d_data_190326/Gastruloid_241025/weights/regression3d_exp10-b/runs/01-01/regression/0/label_1.tif,3x32x32x32,float32,QSYX,3,395048,,
DARE3d_data_190326/Gastruloid_241025/weights/regression3d_exp10-b/runs/01-01/regression/0/label_10.tif,3x32x32x32,float32,QSYX,3,395048,,
DARE3d_data_190326/Gastruloid_241025/weights/regression3d_exp10-b/runs/01-01/regression/0/label_11.tif,3x32x32x32,float32,QSYX,3,395048,,
DARE3d_data_190326/Gastruloid_241025/weights/regression3d_exp10-b/runs/01-01/regression/0/label_2.tif,3x32x32x32,float32,QSYX,3,395048,,
DARE3d_data_190326/Gastruloid_241025/weights/regression3d_exp10-b/runs/01-01/regression/0/label_3.tif,3x32x32x32,float32,QSYX,3,395048,,
DARE3d_data_190326/Gastruloid_241025/weights/regression3d_exp10-b/runs/01-01/regression/0/label_4.tif,3x32x32x32,float32,QSYX,3,395048,,
DARE3d_data_190326/Gastruloid_241025/weights/regression3d_exp10-b/runs/01-01/regression/0/label_5.tif,3x32x32x32,float32,QSYX,3,395048,,
DARE3d_data_190326/Gastruloid_241025/weights/regression3d_exp10-b/runs/01-01/regression/0/label_6.tif,3x32x32x32,float32,QSYX,3,395048,,
DARE3d_data_190326/Gastruloid_241025/weights/regression3d_exp10-b/runs/01-01/regression/0/label_7.tif,3x32x32x32,float32,QSYX,3,395048,,
DARE3d_data_190326/Gastruloid_241025/weights/regression3d_exp10-b/runs/01-01/regression/0/label_8.tif,3x32x32x32,float32,QSYX,3,395048,,
DARE3d_data_190326/Gastruloid_241025/weights/regression3d_exp10-b/runs/01-01/regression/0/label_9.tif,3x32x32x32,float32,QSYX,3,395048,,
DARE3d_data_190326/Gastruloid_241025/weights/regression3d_exp10-b/runs/01-01/regression/0/pred_0.tif,3x32x32x32,float32,QSYX,3,395048,,
DARE3d_data_190326/Gastruloid_241025/weights/regression3d_exp10-b/runs/01-01/regression/0/pred_1.tif,3x32x32x32,float32,QSYX,3,395048,,
DARE3d_data_190326/Gastruloid_241025/weights/regression3d_exp10-b/runs/01-01/regression/0/pred_10.tif,3x32x32x32,float32,QSYX,3,395048,,
DARE3d_data_190326/Gastruloid_241025/weights/regression3d_exp10-b/runs/01-01/regression/0/pred_11.tif,3x32x32x32,float32,QSYX,3,395048,,
DARE3d_data_190326/Gastruloid_241025/weights/regression3d_exp10-b/runs/01-01/regression/0/pred_2.tif,3x32x32x32,float32,QSYX,3,395048,,
DARE3d_data_190326/Gastruloid_241025/weights/regression3d_exp10-b/runs/01-01/regression/0/pred_3.tif,3x32x32x32,float32,QSYX,3,395048,,
DARE3d_data_190326/Gastruloid_241025/weights/regression3d_exp10-b/runs/01-01/regression/0/pred_4.tif,3x32x32x32,float32,QSYX,3,395048,,
DARE3d_data_190326/Gastruloid_241025/weights/regression3d_exp10-b/runs/01-01/regression/0/pred_5.tif,3x32x32x32,float32,QSYX,3,395048,,
DARE3d_data_190326/Gastruloid_241025/weights/regression3d_exp10-b/runs/01-01/regression/0/pred_6.tif,3x32x32x32,float32,QSYX,3,395048,,
DARE3d_data_190326/Gastruloid_241025/weights/regression3d_exp10-b/runs/01-01/regression/0/pred_7.tif,3x32x32x32,float32,QSYX,3,395048,,
DARE3d_data_190326/Gastruloid_241025/weights/regression3d_exp10-b/runs/01-01/regression/0/pred_8.tif,3x32x32x32,float32,QSYX,3,395048,,
DARE3d_data_190326/Gastruloid_241025/weights/regression3d_exp10-b/runs/01-01/regression/0/pred_9.tif,3x32x32x32,float32,QSYX,3,395048,,
DARE3d_data_190326/Gastruloid_241025/weights/segmentation3d_exp10-b/runs/01-01/movie2/movie2_fn.tif,10x180x305x362,uint16,QQYX,1800,397774890,0.0,1.0
DARE3d_data_190326/Gastruloid_241025/weights/segmentation3d_exp10-b/runs/01-01/movie2/movie2_fp.tif,10x180x305x362,uint16,QQYX,1800,397774890,0.0,1.0
DARE3d_data_190326/Gastruloid_241025/weights/segmentation3d_exp10-b/runs/01-01/movie2/movie2_pred.tif,10x180x305x362,uint16,QQYX,1800,397774890,0.0,125.0
DARE3d_data_190326/Gastruloid_241025/weights/segmentation3d_exp10-b/runs/01-01/movie2/movie2_true.tif,10x180x305x362,uint16,QQYX,1800,397774890,0.0,125.0
DARE3d_data_190326/Gastruloid_241025/weights/segmentation3d_exp10-b/runs/01-01/movie2.tif,10x180x305x362,float16,QQYX,1800,397796494,0.0,1.0
DARE3d_data_190326/Neural_tube_160226/regression3d_new_set_og/runs/12-01-26/all_true_centers/movie_I2.tif,21x42x1056x1056,uint8,QQYX,882,983696470,,
DARE3d_data_190326/Neural_tube_160226/regression3d_new_set_og/runs/12-01-26/groundtruth/movie_I2.tif,21x42x1056x1056,uint8,QQYX,882,983696470,,
DARE3d_data_190326/Neural_tube_160226/regression3d_new_set_og/runs/12-01-26/matched_true_centers/movie_I2.tif,21x42x1056x1056,uint8,QQYX,882,983696470,,
DARE3d_data_190326/Neural_tube_160226/regression3d_new_set_og/runs/12-01-26/pred_centers/movie_I2.tif,21x42x1056x1056,uint8,QQYX,882,983696470,,
DARE3d_data_190326/Neural_tube_160226/regression3d_new_set_og/runs/12-01-26/regression/0/bipoints_0.tif,3x32x32x32,float32,QSYX,3,395048,,
DARE3d_data_190326/Neural_tube_160226/regression3d_new_set_og/runs/12-01-26/regression/0/bipoints_1.tif,3x32x32x32,float32,QSYX,3,395048,,
DARE3d_data_190326/Neural_tube_160226/regression3d_new_set_og/runs/12-01-26/regression/0/bipoints_10.tif,3x32x32x32,float32,QSYX,3,395048,,
DARE3d_data_190326/Neural_tube_160226/regression3d_new_set_og/runs/12-01-26/regression/0/bipoints_11.tif,3x32x32x32,float32,QSYX,3,395048,,
DARE3d_data_190326/Neural_tube_160226/regression3d_new_set_og/runs/12-01-26/regression/0/bipoints_12.tif,3x32x32x32,float32,QSYX,3,395048,,
DARE3d_data_190326/Neural_tube_160226/regression3d_new_set_og/runs/12-01-26/regression/0/bipoints_13.tif,3x32x32x32,float32,QSYX,3,395048,,
DARE3d_data_190326/Neural_tube_160226/regression3d_new_set_og/runs/12-01-26/regression/0/bipoints_14.tif,3x32x32x32,float32,QSYX,3,395048,,
DARE3d_data_190326/Neural_tube_160226/regression3d_new_set_og/runs/12-01-26/regression/0/bipoints_15.tif,3x32x32x32,float32,QSYX,3,395048,,
DARE3d_data_190326/Neural_tube_160226/regression3d_new_set_og/runs/12-01-26/regression/0/bipoints_16.tif,3x32x32x32,float32,QSYX,3,395048,,
DARE3d_data_190326/Neural_tube_160226/regression3d_new_set_og/runs/12-01-26/regression/0/bipoints_17.tif,3x32x32x32,float32,QSYX,3,395048,,
DARE3d_data_190326/Neural_tube_160226/regression3d_new_set_og/runs/12-01-26/regression/0/bipoints_18.tif,3x32x32x32,float32,QSYX,3,395048,,
DARE3d_data_190326/Neural_tube_160226/regression3d_new_set_og/runs/12-01-26/regression/0/bipoints_19.tif,3x32x32x32,float32,QSYX,3,395048,,
DARE3d_data_190326/Neural_tube_160226/regression3d_new_set_og/runs/12-01-26/regression/0/bipoints_2.tif,3x32x32x32,float32,QSYX,3,395048,,
DARE3d_data_190326/Neural_tube_160226/regression3d_new_set_og/runs/12-01-26/regression/0/bipoints_20.tif,3x32x32x32,float32,QSYX,3,395048,,
DARE3d_data_190326/Neural_tube_160226/regression3d_new_set_og/runs/12-01-26/regression/0/bipoints_21.tif,3x32x32x32,float32,QSYX,3,395048,,
DARE3d_data_190326/Neural_tube_160226/regression3d_new_set_og/runs/12-01-26/regression/0/bipoints_22.tif,3x32x32x32,float32,QSYX,3,395048,,
DARE3d_data_190326/Neural_tube_160226/regression3d_new_set_og/runs/12-01-26/regression/0/bipoints_23.tif,3x32x32x32,float32,QSYX,3,395048,,
DARE3d_data_190326/Neural_tube_160226/regression3d_new_set_og/runs/12-01-26/regression/0/bipoints_24.tif,3x32x32x32,float32,QSYX,3,395048,,
DARE3d_data_190326/Neural_tube_160226/regression3d_new_set_og/runs/12-01-26/regression/0/bipoints_25.tif,3x32x32x32,float32,QSYX,3,395048,,
DARE3d_data_190326/Neural_tube_160226/regression3d_new_set_og/runs/12-01-26/regression/0/bipoints_26.tif,3x32x32x32,float32,QSYX,3,395048,,
DARE3d_data_190326/Neural_tube_160226/regression3d_new_set_og/runs/12-01-26/regression/0/bipoints_27.tif,3x32x32x32,float32,QSYX,3,395048,,
DARE3d_data_190326/Neural_tube_160226/regression3d_new_set_og/runs/12-01-26/regression/0/bipoints_28.tif,3x32x32x32,float32,QSYX,3,395048,,
DARE3d_data_190326/Neural_tube_160226/regression3d_new_set_og/runs/12-01-26/regression/0/bipoints_29.tif,3x32x32x32,float32,QSYX,3,395048,,
DARE3d_data_190326/Neural_tube_160226/regression3d_new_set_og/runs/12-01-26/regression/0/bipoints_3.tif,3x32x32x32,float32,QSYX,3,395048,,
DARE3d_data_190326/Neural_tube_160226/regression3d_new_set_og/runs/12-01-26/regression/0/bipoints_30.tif,3x32x32x32,float32,QSYX,3,395048,,
DARE3d_data_190326/Neural_tube_160226/regression3d_new_set_og/runs/12-01-26/regression/0/bipoints_31.tif,3x32x32x32,float32,QSYX,3,395048,,
DARE3d_data_190326/Neural_tube_160226/regression3d_new_set_og/runs/12-01-26/regression/0/bipoints_4.tif,3x32x32x32,float32,QSYX,3,395048,,
DARE3d_data_190326/Neural_tube_160226/regression3d_new_set_og/runs/12-01-26/regression/0/bipoints_5.tif,3x32x32x32,float32,QSYX,3,395048,,
DARE3d_data_190326/Neural_tube_160226/regression3d_new_set_og/runs/12-01-26/regression/0/bipoints_6.tif,3x32x32x32,float32,QSYX,3,395048,,
DARE3d_data_190326/Neural_tube_160226/regression3d_new_set_og/runs/12-01-26/regression/0/bipoints_7.tif,3x32x32x32,float32,QSYX,3,395048,,
DARE3d_data_190326/Neural_tube_160226/regression3d_new_set_og/runs/12-01-26/regression/0/bipoints_8.tif,3x32x32x32,float32,QSYX,3,395048,,
DARE3d_data_190326/Neural_tube_160226/regression3d_new_set_og/runs/12-01-26/regression/0/bipoints_9.tif,3x32x32x32,float32,QSYX,3,395048,,
DARE3d_data_190326/Neural_tube_160226/regression3d_new_set_og/runs/12-01-26/regression/0/im_0.tif,3x32x32x32,float32,QSYX,3,395048,,
DARE3d_data_190326/Neural_tube_160226/regression3d_new_set_og/runs/12-01-26/regression/0/im_1.tif,3x32x32x32,float32,QSYX,3,395048,,
DARE3d_data_190326/Neural_tube_160226/regression3d_new_set_og/runs/12-01-26/regression/0/im_10.tif,3x32x32x32,float32,QSYX,3,395048,,
DARE3d_data_190326/Neural_tube_160226/regression3d_new_set_og/runs/12-01-26/regression/0/im_11.tif,3x32x32x32,float32,QSYX,3,395048,,
DARE3d_data_190326/Neural_tube_160226/regression3d_new_set_og/runs/12-01-26/regression/0/im_12.tif,3x32x32x32,float32,QSYX,3,395048,,
DARE3d_data_190326/Neural_tube_160226/regression3d_new_set_og/runs/12-01-26/regression/0/im_13.tif,3x32x32x32,float32,QSYX,3,395048,,
DARE3d_data_190326/Neural_tube_160226/regression3d_new_set_og/runs/12-01-26/regression/0/im_14.tif,3x32x32x32,float32,QSYX,3,395048,,
DARE3d_data_190326/Neural_tube_160226/regression3d_new_set_og/runs/12-01-26/regression/0/im_15.tif,3x32x32x32,float32,QSYX,3,395048,,
DARE3d_data_190326/Neural_tube_160226/regression3d_new_set_og/runs/12-01-26/regression/0/im_16.tif,3x32x32x32,float32,QSYX,3,395048,,
DARE3d_data_190326/Neural_tube_160226/regression3d_new_set_og/runs/12-01-26/regression/0/im_17.tif,3x32x32x32,float32,QSYX,3,395048,,
DARE3d_data_190326/Neural_tube_160226/regression3d_new_set_og/runs/12-01-26/regression/0/im_18.tif,3x32x32x32,float32,QSYX,3,395048,,
DARE3d_data_190326/Neural_tube_160226/regression3d_new_set_og/runs/12-01-26/regression/0/im_19.tif,3x32x32x32,float32,QSYX,3,395048,,
DARE3d_data_190326/Neural_tube_160226/regression3d_new_set_og/runs/12-01-26/regression/0/im_2.tif,3x32x32x32,float32,QSYX,3,395048,,
DARE3d_data_190326/Neural_tube_160226/regression3d_new_set_og/runs/12-01-26/regression/0/im_20.tif,3x32x32x32,float32,QSYX,3,395048,,
DARE3d_data_190326/Neural_tube_160226/regression3d_new_set_og/runs/12-01-26/regression/0/im_21.tif,3x32x32x32,float32,QSYX,3,395048,,
DARE3d_data_190326/Neural_tube_160226/regression3d_new_set_og/runs/12-01-26/regression/0/im_22.tif,3x32x32x32,float32,QSYX,3,395048,,
DARE3d_data_190326/Neural_tube_160226/regression3d_new_set_og/runs/12-01-26/regression/0/im_23.tif,3x32x32x32,float32,QSYX,3,395048,,
DARE3d_data_190326/Neural_tube_160226/regression3d_new_set_og/runs/12-01-26/regression/0/im_24.tif,3x32x32x32,float32,QSYX,3,395048,,
DARE3d_data_190326/Neural_tube_160226/regression3d_new_set_og/runs/12-01-26/regression/0/im_25.tif,3x32x32x32,float32,QSYX,3,395048,,
DARE3d_data_190326/Neural_tube_160226/regression3d_new_set_og/runs/12-01-26/regression/0/im_26.tif,3x32x32x32,float32,QSYX,3,395048,,
DARE3d_data_190326/Neural_tube_160226/regression3d_new_set_og/runs/12-01-26/regression/0/im_27.tif,3x32x32x32,float32,QSYX,3,395048,,
DARE3d_data_190326/Neural_tube_160226/regression3d_new_set_og/runs/12-01-26/regression/0/im_28.tif,3x32x32x32,float32,QSYX,3,395048,,
DARE3d_data_190326/Neural_tube_160226/regression3d_new_set_og/runs/12-01-26/regression/0/im_29.tif,3x32x32x32,float32,QSYX,3,395048,,
DARE3d_data_190326/Neural_tube_160226/regression3d_new_set_og/runs/12-01-26/regression/0/im_3.tif,3x32x32x32,float32,QSYX,3,395048,,
DARE3d_data_190326/Neural_tube_160226/regression3d_new_set_og/runs/12-01-26/regression/0/im_30.tif,3x32x32x32,float32,QSYX,3,395048,,
DARE3d_data_190326/Neural_tube_160226/regression3d_new_set_og/runs/12-01-26/regression/0/im_31.tif,3x32x32x32,float32,QSYX,3,395048,,
DARE3d_data_190326/Neural_tube_160226/regression3d_new_set_og/runs/12-01-26/regression/0/im_4.tif,3x32x32x32,float32,QSYX,3,395048,,
DARE3d_data_190326/Neural_tube_160226/regression3d_new_set_og/runs/12-01-26/regression/0/im_5.tif,3x32x32x32,float32,QSYX,3,395048,,
DARE3d_data_190326/Neural_tube_160226/regression3d_new_set_og/runs/12-01-26/regression/0/im_6.tif,3x32x32x32,float32,QSYX,3,395048,,
DARE3d_data_190326/Neural_tube_160226/regression3d_new_set_og/runs/12-01-26/regression/0/im_7.tif,3x32x32x32,float32,QSYX,3,395048,,
DARE3d_data_190326/Neural_tube_160226/regression3d_new_set_og/runs/12-01-26/regression/0/im_8.tif,3x32x32x32,float32,QSYX,3,395048,,
DARE3d_data_190326/Neural_tube_160226/regression3d_new_set_og/runs/12-01-26/regression/0/im_9.tif,3x32x32x32,float32,QSYX,3,395048,,
DARE3d_data_190326/Neural_tube_160226/regression3d_new_set_og/runs/12-01-26/regression/0/label_0.tif,3x32x32x32,float32,QSYX,3,395048,,
DARE3d_data_190326/Neural_tube_160226/regression3d_new_set_og/runs/12-01-26/regression/0/label_1.tif,3x32x32x32,float32,QSYX,3,395048,,
DARE3d_data_190326/Neural_tube_160226/regression3d_new_set_og/runs/12-01-26/regression/0/label_10.tif,3x32x32x32,float32,QSYX,3,395048,,
DARE3d_data_190326/Neural_tube_160226/regression3d_new_set_og/runs/12-01-26/regression/0/label_11.tif,3x32x32x32,float32,QSYX,3,395048,,
DARE3d_data_190326/Neural_tube_160226/regression3d_new_set_og/runs/12-01-26/regression/0/label_12.tif,3x32x32x32,float32,QSYX,3,395048,,
DARE3d_data_190326/Neural_tube_160226/regression3d_new_set_og/runs/12-01-26/regression/0/label_13.tif,3x32x32x32,float32,QSYX,3,395048,,
DARE3d_data_190326/Neural_tube_160226/regression3d_new_set_og/runs/12-01-26/regression/0/label_14.tif,3x32x32x32,float32,QSYX,3,395048,,
DARE3d_data_190326/Neural_tube_160226/regression3d_new_set_og/runs/12-01-26/regression/0/label_15.tif,3x32x32x32,float32,QSYX,3,395048,,
DARE3d_data_190326/Neural_tube_160226/regression3d_new_set_og/runs/12-01-26/regression/0/label_16.tif,3x32x32x32,float32,QSYX,3,395048,,
DARE3d_data_190326/Neural_tube_160226/regression3d_new_set_og/runs/12-01-26/regression/0/label_17.tif,3x32x32x32,float32,QSYX,3,395048,,
DARE3d_data_190326/Neural_tube_160226/regression3d_new_set_og/runs/12-01-26/regression/0/label_18.tif,3x32x32x32,float32,QSYX,3,395048,,
DARE3d_data_190326/Neural_tube_160226/regression3d_new_set_og/runs/12-01-26/regression/0/label_19.tif,3x32x32x32,float32,QSYX,3,395048,,
DARE3d_data_190326/Neural_tube_160226/regression3d_new_set_og/runs/12-01-26/regression/0/label_2.tif,3x32x32x32,float32,QSYX,3,395048,,
DARE3d_data_190326/Neural_tube_160226/regression3d_new_set_og/runs/12-01-26/regression/0/label_20.tif,3x32x32x32,float32,QSYX,3,395048,,
DARE3d_data_190326/Neural_tube_160226/regression3d_new_set_og/runs/12-01-26/regression/0/label_21.tif,3x32x32x32,float32,QSYX,3,395048,,
DARE3d_data_190326/Neural_tube_160226/regression3d_new_set_og/runs/12-01-26/regression/0/label_22.tif,3x32x32x32,float32,QSYX,3,395048,,
DARE3d_data_190326/Neural_tube_160226/regression3d_new_set_og/runs/12-01-26/regression/0/label_23.tif,3x32x32x32,float32,QSYX,3,395048,,
DARE3d_data_190326/Neural_tube_160226/regression3d_new_set_og/runs/12-01-26/regression/0/label_24.tif,3x32x32x32,float32,QSYX,3,395048,,
DARE3d_data_190326/Neural_tube_160226/regression3d_new_set_og/runs/12-01-26/regression/0/label_25.tif,3x32x32x32,float32,QSYX,3,395048,,
DARE3d_data_190326/Neural_tube_160226/regression3d_new_set_og/runs/12-01-26/regression/0/label_26.tif,3x32x32x32,float32,QSYX,3,395048,,
DARE3d_data_190326/Neural_tube_160226/regression3d_new_set_og/runs/12-01-26/regression/0/label_27.tif,3x32x32x32,float32,QSYX,3,395048,,
DARE3d_data_190326/Neural_tube_160226/regression3d_new_set_og/runs/12-01-26/regression/0/label_28.tif,3x32x32x32,float32,QSYX,3,395048,,
DARE3d_data_190326/Neural_tube_160226/regression3d_new_set_og/runs/12-01-26/regression/0/label_29.tif,3x32x32x32,float32,QSYX,3,395048,,
DARE3d_data_190326/Neural_tube_160226/regression3d_new_set_og/runs/12-01-26/regression/0/label_3.tif,3x32x32x32,float32,QSYX,3,395048,,
DARE3d_data_190326/Neural_tube_160226/regression3d_new_set_og/runs/12-01-26/regression/0/label_30.tif,3x32x32x32,float32,QSYX,3,395048,,
DARE3d_data_190326/Neural_tube_160226/regression3d_new_set_og/runs/12-01-26/regression/0/label_31.tif,3x32x32x32,float32,QSYX,3,395048,,
DARE3d_data_190326/Neural_tube_160226/regression3d_new_set_og/runs/12-01-26/regression/0/label_4.tif,3x32x32x32,float32,QSYX,3,395048,,
DARE3d_data_190326/Neural_tube_160226/regression3d_new_set_og/runs/12-01-26/regression/0/label_5.tif,3x32x32x32,float32,QSYX,3,395048,,
DARE3d_data_190326/Neural_tube_160226/regression3d_new_set_og/runs/12-01-26/regression/0/label_6.tif,3x32x32x32,float32,QSYX,3,395048,,
DARE3d_data_190326/Neural_tube_160226/regression3d_new_set_og/runs/12-01-26/regression/0/label_7.tif,3x32x32x32,float32,QSYX,3,395048,,
DARE3d_data_190326/Neural_tube_160226/regression3d_new_set_og/runs/12-01-26/regression/0/label_8.tif,3x32x32x32,float32,QSYX,3,395048,,
DARE3d_data_190326/Neural_tube_160226/regression3d_new_set_og/runs/12-01-26/regression/0/label_9.tif,3x32x32x32,float32,QSYX,3,395048,,
DARE3d_data_190326/Neural_tube_160226/regression3d_new_set_og/runs/12-01-26/regression/0/pred_0.tif,3x32x32x32,float32,QSYX,3,395048,,
DARE3d_data_190326/Neural_tube_160226/regression3d_new_set_og/runs/12-01-26/regression/0/pred_1.tif,3x32x32x32,float32,QSYX,3,395048,,
DARE3d_data_190326/Neural_tube_160226/regression3d_new_set_og/runs/12-01-26/regression/0/pred_10.tif,3x32x32x32,float32,QSYX,3,395048,,
DARE3d_data_190326/Neural_tube_160226/regression3d_new_set_og/runs/12-01-26/regression/0/pred_11.tif,3x32x32x32,float32,QSYX,3,395048,,
DARE3d_data_190326/Neural_tube_160226/regression3d_new_set_og/runs/12-01-26/regression/0/pred_12.tif,3x32x32x32,float32,QSYX,3,395048,,
DARE3d_data_190326/Neural_tube_160226/regression3d_new_set_og/runs/12-01-26/regression/0/pred_13.tif,3x32x32x32,float32,QSYX,3,395048,,
DARE3d_data_190326/Neural_tube_160226/regression3d_new_set_og/runs/12-01-26/regression/0/pred_14.tif,3x32x32x32,float32,QSYX,3,395048,,
DARE3d_data_190326/Neural_tube_160226/regression3d_new_set_og/runs/12-01-26/regression/0/pred_15.tif,3x32x32x32,float32,QSYX,3,395048,,
DARE3d_data_190326/Neural_tube_160226/regression3d_new_set_og/runs/12-01-26/regression/0/pred_16.tif,3x32x32x32,float32,QSYX,3,395048,,
DARE3d_data_190326/Neural_tube_160226/regression3d_new_set_og/runs/12-01-26/regression/0/pred_17.tif,3x32x32x32,float32,QSYX,3,395048,,
DARE3d_data_190326/Neural_tube_160226/regression3d_new_set_og/runs/12-01-26/regression/0/pred_18.tif,3x32x32x32,float32,QSYX,3,395048,,
DARE3d_data_190326/Neural_tube_160226/regression3d_new_set_og/runs/12-01-26/regression/0/pred_19.tif,3x32x32x32,float32,QSYX,3,395048,,
DARE3d_data_190326/Neural_tube_160226/regression3d_new_set_og/runs/12-01-26/regression/0/pred_2.tif,3x32x32x32,float32,QSYX,3,395048,,
DARE3d_data_190326/Neural_tube_160226/regression3d_new_set_og/runs/12-01-26/regression/0/pred_20.tif,3x32x32x32,float32,QSYX,3,395048,,
DARE3d_data_190326/Neural_tube_160226/regression3d_new_set_og/runs/12-01-26/regression/0/pred_21.tif,3x32x32x32,float32,QSYX,3,395048,,
DARE3d_data_190326/Neural_tube_160226/regression3d_new_set_og/runs/12-01-26/regression/0/pred_22.tif,3x32x32x32,float32,QSYX,3,395048,,
DARE3d_data_190326/Neural_tube_160226/regression3d_new_set_og/runs/12-01-26/regression/0/pred_23.tif,3x32x32x32,float32,QSYX,3,395048,,
DARE3d_data_190326/Neural_tube_160226/regression3d_new_set_og/runs/12-01-26/regression/0/pred_24.tif,3x32x32x32,float32,QSYX,3,395048,,
DARE3d_data_190326/Neural_tube_160226/regression3d_new_set_og/runs/12-01-26/regression/0/pred_25.tif,3x32x32x32,float32,QSYX,3,395048,,
DARE3d_data_190326/Neural_tube_160226/regression3d_new_set_og/runs/12-01-26/regression/0/pred_26.tif,3x32x32x32,float32,QSYX,3,395048,,
DARE3d_data_190326/Neural_tube_160226/regression3d_new_set_og/runs/12-01-26/regression/0/pred_27.tif,3x32x32x32,float32,QSYX,3,395048,,
DARE3d_data_190326/Neural_tube_160226/regression3d_new_set_og/runs/12-01-26/regression/0/pred_28.tif,3x32x32x32,float32,QSYX,3,395048,,
DARE3d_data_190326/Neural_tube_160226/regression3d_new_set_og/runs/12-01-26/regression/0/pred_29.tif,3x32x32x32,float32,QSYX,3,395048,,
DARE3d_data_190326/Neural_tube_160226/regression3d_new_set_og/runs/12-01-26/regression/0/pred_3.tif,3x32x32x32,float32,QSYX,3,395048,,
DARE3d_data_190326/Neural_tube_160226/regression3d_new_set_og/runs/12-01-26/regression/0/pred_30.tif,3x32x32x32,float32,QSYX,3,395048,,
DARE3d_data_190326/Neural_tube_160226/regression3d_new_set_og/runs/12-01-26/regression/0/pred_31.tif,3x32x32x32,float32,QSYX,3,395048,,
DARE3d_data_190326/Neural_tube_160226/regression3d_new_set_og/runs/12-01-26/regression/0/pred_4.tif,3x32x32x32,float32,QSYX,3,395048,,
DARE3d_data_190326/Neural_tube_160226/regression3d_new_set_og/runs/12-01-26/regression/0/pred_5.tif,3x32x32x32,float32,QSYX,3,395048,,
DARE3d_data_190326/Neural_tube_160226/regression3d_new_set_og/runs/12-01-26/regression/0/pred_6.tif,3x32x32x32,float32,QSYX,3,395048,,
DARE3d_data_190326/Neural_tube_160226/regression3d_new_set_og/runs/12-01-26/regression/0/pred_7.tif,3x32x32x32,float32,QSYX,3,395048,,
DARE3d_data_190326/Neural_tube_160226/regression3d_new_set_og/runs/12-01-26/regression/0/pred_8.tif,3x32x32x32,float32,QSYX,3,395048,,
DARE3d_data_190326/Neural_tube_160226/regression3d_new_set_og/runs/12-01-26/regression/0/pred_9.tif,3x32x32x32,float32,QSYX,3,395048,,
DARE3d_data_190326/Neural_tube_160226/segmentation3d_new_set_og/runs/12-01-26/movie_I2/movie_I2_fn.tif,21x10x1024x1024,uint16,QQYX,210,440436886,0.0,1.0
DARE3d_data_190326/Neural_tube_160226/segmentation3d_new_set_og/runs/12-01-26/movie_I2/movie_I2_fp.tif,21x10x1024x1024,uint16,QQYX,210,440436886,0.0,1.0
DARE3d_data_190326/Neural_tube_160226/segmentation3d_new_set_og/runs/12-01-26/movie_I2/movie_I2_pred.tif,21x10x1024x1024,uint16,QQYX,210,440436886,0.0,115.0
DARE3d_data_190326/Neural_tube_160226/segmentation3d_new_set_og/runs/12-01-26/movie_I2/movie_I2_true.tif,21x10x1024x1024,uint16,QQYX,210,440436886,0.0,115.0
DARE3d_data_190326/Neural_tube_160226/segmentation3d_new_set_og/runs/12-01-26/movie_I2.tif,21x10x1024x1024,float16,QQYX,210,440439394,0.0,1.0
