mode,evaluated_index,distance_error_voxels,time_distance_error_frames,full_quaternion_angle_error_deg,length_error_voxels
all_groundtruth_centers,0,0.5,0,17.713184453382194,4.229908
all_groundtruth_centers,1,0.5,0,15.269336961031588,1.7466068
all_groundtruth_centers,2,0.7071067811865476,0,28.697898576923468,0.9915409
all_groundtruth_centers,3,0.5,0,28.309560731491302,0.61321735
all_groundtruth_centers,4,0.0,0,22.582894447059118,1.7890873
all_groundtruth_centers,5,0.7071067811865476,0,17.487584497484363,0.037243843
all_groundtruth_centers,6,0.8660254037844386,0,2.6094123769431903,0.6667633
all_groundtruth_centers,7,0.7071067811865476,0,32.04018790703846,0.6750984
all_groundtruth_centers,8,0.0,0,40.4452260120826,2.574853
all_groundtruth_centers,9,0.7071067811865476,0,11.759294120265626,1.299469
all_groundtruth_centers,10,0.7071067811865476,0,76.7351303467756,4.842617
all_groundtruth_centers,11,0.5,0,21.369988331449015,0.31415272
all_groundtruth_centers,12,0.5,0,69.48237130574819,2.6129532
all_groundtruth_centers,13,0.5,0,5.512010247244713,6.857152
all_groundtruth_centers,14,0.7071067811865476,0,11.060418616408455,1.7832556
all_groundtruth_centers,15,0.8660254037844386,0,5.109163068663004,1.3283558
all_groundtruth_centers,16,0.7071067811865476,0,13.61203419413872,0.36697388
all_groundtruth_centers,17,0.5,0,31.00386319555852,1.1995726
all_groundtruth_centers,18,0.7071067811865476,0,28.563436761973538,3.0033808
all_groundtruth_centers,19,0.7071067811865476,0,24.077096903741346,1.2594414
all_groundtruth_centers,20,0.7071067811865476,0,30.047267151675843,2.6301498
all_groundtruth_centers,21,0.0,0,21.319856850547644,0.07282543
all_groundtruth_centers,22,1.8708286933869707,0,15.517825773664018,3.052742
all_groundtruth_centers,23,0.0,0,11.214013932276139,0.17994499
all_groundtruth_centers,24,0.0,0,24.49362470690858,2.5892735
all_groundtruth_centers,25,0.7071067811865476,0,15.93649545866248,0.2953291
all_groundtruth_centers,26,0.7071067811865476,0,27.41527352996679,0.22829342
all_groundtruth_centers,27,0.7071067811865476,0,21.742757959150264,2.0246916
all_groundtruth_centers,28,0.7071067811865476,0,11.977381094363556,0.26132965
all_groundtruth_centers,29,0.5,0,54.58072171638225,4.888913
all_groundtruth_centers,30,0.0,0,27.2048429851572,6.0556717
all_groundtruth_centers,31,0.0,0,7.586975936816714,3.535904
all_groundtruth_centers,32,0.5,0,21.69958500398564,0.95251846
all_groundtruth_centers,33,3.640054944640259,0,53.959520464379004,1.8912296
all_groundtruth_centers,34,0.8660254037844386,0,6.50146301936815,3.6435518
all_groundtruth_centers,35,1.118033988749895,0,15.635866757159233,6.173086
all_groundtruth_centers,36,0.0,0,6.497301060861285,1.6804056
all_groundtruth_centers,37,0.5,0,24.753685944531046,2.5211964
all_groundtruth_centers,38,2.345207879911715,0,70.1098279296484,1.6439724
all_groundtruth_centers,39,0.7071067811865476,0,17.757682052867064,0.41215515
all_groundtruth_centers,40,0.7071067811865476,0,7.16267695019096,0.71229076
all_groundtruth_centers,41,0.7071067811865476,0,23.938698009054466,3.7634544
all_groundtruth_centers,42,0.0,0,4.160189730849669,1.2650414
all_groundtruth_centers,43,3.1622776601683795,0,12.61994004133297,1.393754
all_groundtruth_centers,44,0.0,0,6.182084472273153,0.021076202
all_groundtruth_centers,45,0.7071067811865476,0,14.81346639995952,2.3834934
all_groundtruth_centers,46,0.5,0,17.2579018904647,0.19979572
all_groundtruth_centers,47,0.7071067811865476,0,23.02754908277372,0.8930464
all_groundtruth_centers,48,0.7071067811865476,0,10.894749701827571,0.24847984
all_groundtruth_centers,49,0.5,0,15.342859739102481,1.2356014
all_groundtruth_centers,50,0.9013878188659973,0,17.76479671059516,0.7448473
all_groundtruth_centers,51,0.7071067811865476,0,50.64339957063603,1.6099195
all_groundtruth_centers,52,0.5,0,8.674151965245306,0.16246605
all_groundtruth_centers,53,0.7071067811865476,0,99.30979811490667,7.053316
all_groundtruth_centers,54,0.7071067811865476,0,24.139355711154508,1.6400242
all_groundtruth_centers,55,0.8660254037844386,0,25.058979914201142,1.9207983
all_groundtruth_centers,56,0.7071067811865476,0,19.960982540735834,1.0281706
all_groundtruth_centers,57,2.5495097567963922,0,26.170556728331842,3.05931
all_groundtruth_centers,58,0.5,0,29.535330078563245,1.348836
all_groundtruth_centers,59,0.0,0,13.597599172408206,3.579752
all_groundtruth_centers,60,0.5,0,6.266175515164524,0.37781048
all_groundtruth_centers,61,0.7071067811865476,0,8.721895515778785,0.06996727
all_groundtruth_centers,62,0.5,0,10.145247515973248,1.2772226
all_groundtruth_centers,63,0.5,0,16.46885541854574,0.5641937
all_groundtruth_centers,64,0.8660254037844386,0,15.255976519947636,3.7974339
all_groundtruth_centers,65,0.7071067811865476,0,7.525647909743619,3.9678326
all_groundtruth_centers,66,0.5,0,5.869759553009083,2.487424
all_groundtruth_centers,67,0.0,0,2.200515191441259,4.3022547
all_groundtruth_centers,68,0.7071067811865476,0,34.34596220198647,2.5333805
all_groundtruth_centers,69,0.8660254037844386,0,7.456060606939864,0.28262806
all_groundtruth_centers,70,0.0,0,39.360821507915624,2.9312677
all_groundtruth_centers,71,0.5,0,13.139843197126748,2.7042408
all_groundtruth_centers,72,0.7071067811865476,0,19.377094924108718,0.75978756
all_groundtruth_centers,73,0.5,0,9.383063187486561,1.4949522
all_groundtruth_centers,74,0.7071067811865476,0,17.227875315848102,2.8485317
all_groundtruth_centers,75,0.0,0,17.832744840805248,3.905939
all_groundtruth_centers,76,0.5,0,14.503579842733231,0.08089733
all_groundtruth_centers,77,0.7071067811865476,0,24.503858787388932,0.97770405
all_groundtruth_centers,78,0.7071067811865476,0,126.78363874044165,3.1940832
all_groundtruth_centers,79,0.0,0,11.980982423308486,2.4162045
all_groundtruth_centers,80,0.5,0,6.882752421682465,3.5673342
all_groundtruth_centers,81,0.0,0,16.51691951691134,2.3679266
all_groundtruth_centers,82,0.5,0,13.374398244991959,3.5662155
all_groundtruth_centers,83,0.5,0,12.007798702372257,2.1724377
all_groundtruth_centers,84,0.5,0,17.757410693235627,3.7311125
all_groundtruth_centers,85,0.7071067811865476,0,55.28938880226681,2.625533
all_groundtruth_centers,86,0.5,0,32.28525343305374,1.8415394
all_groundtruth_centers,87,0.5,0,9.986686350819472,1.6066437
all_groundtruth_centers,88,0.5,0,6.738088826475767,1.4383211
all_groundtruth_centers,89,0.0,0,11.912596635595085,7.668953
all_groundtruth_centers,90,0.7071067811865476,0,45.20887437448105,3.375698
all_groundtruth_centers,91,0.5,0,17.792240040678614,1.5464897
all_groundtruth_centers,92,0.5,0,3.3944929095338883,1.9762783
all_groundtruth_centers,93,0.7071067811865476,0,10.60718344551083,0.67889977
all_groundtruth_centers,94,0.7071067811865476,0,23.23469631602717,0.38272095
all_groundtruth_centers,95,0.8660254037844386,0,163.70196446979875,0.3226509
all_groundtruth_centers,96,0.5,0,15.267176748902251,2.5404282
all_groundtruth_centers,97,0.5,0,18.046473241629478,0.6349306
all_groundtruth_centers,98,0.7071067811865476,0,45.394808573027305,2.9122953
all_groundtruth_centers,99,0.5,0,23.53950875027499,2.007204
all_groundtruth_centers,100,0.5,0,13.717499081017722,0.30139923
all_groundtruth_centers,101,0.5,0,6.888431707371588,1.5429106
all_groundtruth_centers,102,0.5,0,12.891311283125544,1.0248919
all_groundtruth_centers,103,0.5,0,18.49302565205759,1.365036
all_groundtruth_centers,104,0.7071067811865476,0,17.910659999408047,3.878148
all_groundtruth_centers,105,0.5,0,22.134210270862074,1.7266073
all_groundtruth_centers,106,0.7071067811865476,0,14.792911280258792,0.86170006
all_groundtruth_centers,107,0.5,0,34.97367205088966,1.4540911
all_groundtruth_centers,108,0.5,0,19.621795179365602,5.1015654
all_groundtruth_centers,109,0.5,0,6.730845596632592,1.8440418
all_groundtruth_centers,110,0.7071067811865476,0,13.887596011143287,4.3099775
all_groundtruth_centers,111,0.7071067811865476,0,178.12080256402805,1.1858406
all_groundtruth_centers,112,0.8660254037844386,0,32.662575604456045,5.981738
all_groundtruth_centers,113,0.5,0,21.709331140926857,0.52386093
all_groundtruth_centers,114,0.0,0,9.391450970058195,3.2704115
all_groundtruth_centers,115,0.5,0,42.98809156310526,1.2658806
all_groundtruth_centers,116,0.0,0,31.54068689603757,1.894311
all_groundtruth_centers,117,0.7071067811865476,0,6.082269564403927,2.5415964
all_groundtruth_centers,118,0.5,0,10.374769061504809,1.6607485
all_groundtruth_centers,119,0.7071067811865476,0,8.17399322890333,0.24873924
all_groundtruth_centers,120,0.7071067811865476,0,24.3701707596511,1.4711208
all_groundtruth_centers,121,0.8660254037844386,0,36.649290711707856,1.505559
all_groundtruth_centers,122,0.5,0,12.948010359217921,2.0802717
all_groundtruth_centers,123,0.5,0,6.889237006944589,0.04609871
all_groundtruth_centers,124,0.8660254037844386,0,28.04912406927465,0.3225603
all_groundtruth_centers,125,0.7071067811865476,0,23.015364745155182,1.1214046
all_groundtruth_centers,126,0.0,0,38.51728596241714,1.3661976
all_groundtruth_centers,127,0.5,0,7.827600677807525,1.4849043
all_groundtruth_centers,128,0.8660254037844386,0,37.418728975699864,0.35812473
all_groundtruth_centers,129,0.5,0,24.56975950761058,0.5524006
all_groundtruth_centers,130,0.5,0,13.791346792661418,1.0873623
all_groundtruth_centers,131,0.7071067811865476,0,163.46572825775013,3.9102392
all_groundtruth_centers,132,0.5,0,6.531318802724729,1.2233372
all_groundtruth_centers,133,0.5,0,7.0579652028757325,0.24228477
all_groundtruth_centers,134,0.0,0,14.09699612726479,2.4789886
all_groundtruth_centers,135,0.7071067811865476,0,45.64687500283004,0.02341175
all_groundtruth_centers,136,0.7071067811865476,0,12.324909421709396,0.79323006
all_groundtruth_centers,137,1.689628646627492,0,80.07110615614367,0.5459404
all_groundtruth_centers,138,0.8660254037844386,0,31.808266472162313,1.8837347
all_groundtruth_centers,139,0.7071067811865476,0,7.915233181362678,2.4892092
matched_groundtruth_centers,0,0.5,0.0,17.713184453382194,4.229908
matched_groundtruth_centers,1,0.5,0.0,15.269336961031588,1.7466068
matched_groundtruth_centers,2,0.7071067811865476,0.0,28.697898576923468,0.9915409
matched_groundtruth_centers,3,0.5,0.0,28.309560731491302,0.61321735
matched_groundtruth_centers,4,0.0,0.0,22.582894447059118,1.7890873
matched_groundtruth_centers,5,0.7071067811865476,0.0,17.487584497484363,0.037243843
matched_groundtruth_centers,6,0.8660254037844386,0.0,2.6094123769431903,0.6667633
matched_groundtruth_centers,7,0.7071067811865476,0.0,32.04018790703846,0.6750984
matched_groundtruth_centers,8,0.0,0.0,40.4452260120826,2.574853
matched_groundtruth_centers,9,0.7071067811865476,0.0,11.759294120265626,1.299469
matched_groundtruth_centers,10,0.5,0.0,21.369988331449015,0.31415272
matched_groundtruth_centers,11,0.5,0.0,69.48237130574819,2.6129532
matched_groundtruth_centers,12,0.5,0.0,5.512010247244713,6.857152
matched_groundtruth_centers,13,0.7071067811865476,0.0,11.060418616408455,1.7832556
matched_groundtruth_centers,14,0.8660254037844386,0.0,5.109163068663004,1.3283558
matched_groundtruth_centers,15,0.7071067811865476,0.0,13.61203419413872,0.36697388
matched_groundtruth_centers,16,0.5,0.0,31.00386319555852,1.1995726
matched_groundtruth_centers,17,0.7071067811865476,0.0,28.563436761973538,3.0033808
matched_groundtruth_centers,18,0.7071067811865476,0.0,24.077096903741346,1.2594414
matched_groundtruth_centers,19,0.7071067811865476,0.0,30.047267151675843,2.6301498
matched_groundtruth_centers,20,1.6583123951777,0.0,15.517825773664018,3.052742
matched_groundtruth_centers,21,0.0,0.0,11.214013932276139,0.17994499
matched_groundtruth_centers,22,0.0,0.0,24.49362470690858,2.5892735
matched_groundtruth_centers,23,0.7071067811865476,0.0,15.93649545866248,0.2953291
matched_groundtruth_centers,24,0.7071067811865476,0.0,21.742757959150264,2.0246916
matched_groundtruth_centers,25,0.7071067811865476,0.0,11.977381094363556,0.26132965
matched_groundtruth_centers,26,0.0,0.0,27.2048429851572,6.0556717
matched_groundtruth_centers,27,0.0,0.0,7.586975936816714,3.535904
matched_groundtruth_centers,28,0.5,0.0,21.69958500398564,0.95251846
matched_groundtruth_centers,29,3.0,0.0,83.46120314986247,0.3470955
matched_groundtruth_centers,30,0.8660254037844386,0.0,6.50146301936815,3.6435518
matched_groundtruth_centers,31,1.5811388300841898,0.0,13.645062230659931,5.467147
matched_groundtruth_centers,32,0.0,0.0,6.497301060861285,1.6804056
matched_groundtruth_centers,33,2.692582403567252,0.0,77.10049700841796,6.7321997
matched_groundtruth_centers,34,0.7071067811865476,0.0,17.757682052867064,0.41215515
matched_groundtruth_centers,35,0.7071067811865476,0.0,7.16267695019096,0.71229076
matched_groundtruth_centers,36,0.7071067811865476,0.0,23.938698009054466,3.7634544
matched_groundtruth_centers,37,0.0,0.0,4.160189730849669,1.2650414
matched_groundtruth_centers,38,2.692582403567252,0.0,75.11148736869366,3.6298227
matched_groundtruth_centers,39,0.0,0.0,6.182084472273153,0.021076202
matched_groundtruth_centers,40,0.7071067811865476,0.0,14.81346639995952,2.3834934
matched_groundtruth_centers,41,0.5,0.0,17.2579018904647,0.19979572
matched_groundtruth_centers,42,0.7071067811865476,0.0,23.02754908277372,0.8930464
matched_groundtruth_centers,43,0.7071067811865476,0.0,10.894749701827571,0.24847984
matched_groundtruth_centers,44,0.5,0.0,15.342859739102481,1.2356014
matched_groundtruth_centers,45,0.9013878188659973,0.0,17.76479671059516,0.7448473
matched_groundtruth_centers,46,0.7071067811865476,0.0,50.64339957063603,1.6099195
matched_groundtruth_centers,47,0.5,0.0,8.674151965245306,0.16246605
matched_groundtruth_centers,48,0.7071067811865476,0.0,24.139355711154508,1.6400242
matched_groundtruth_centers,49,0.8660254037844386,0.0,25.058979914201142,1.9207983
matched_groundtruth_centers,50,0.7071067811865476,0.0,19.960982540735834,1.0281706
matched_groundtruth_centers,51,2.5,0.0,26.170556728331842,3.05931
matched_groundtruth_centers,52,0.0,0.0,13.597599172408206,3.579752
matched_groundtruth_centers,53,0.7071067811865476,0.0,8.721895515778785,0.06996727
matched_groundtruth_centers,54,0.5,0.0,16.46885541854574,0.5641937
matched_groundtruth_centers,55,0.8660254037844386,0.0,15.255976519947636,3.7974339
matched_groundtruth_centers,56,0.7071067811865476,0.0,7.525647909743619,3.9678326
matched_groundtruth_centers,57,0.5,0.0,5.869759553009083,2.487424
matched_groundtruth_centers,58,0.0,0.0,2.200515191441259,4.3022547
matched_groundtruth_centers,59,0.7071067811865476,0.0,34.34596220198647,2.5333805
matched_groundtruth_centers,60,0.8660254037844386,0.0,7.456060606939864,0.28262806
matched_groundtruth_centers,61,0.0,0.0,39.360821507915624,2.9312677
matched_groundtruth_centers,62,0.5,0.0,13.139843197126748,2.7042408
matched_groundtruth_centers,63,0.7071067811865476,0.0,19.377094924108718,0.75978756
matched_groundtruth_centers,64,0.0,0.0,17.832744840805248,3.905939
matched_groundtruth_centers,65,0.7071067811865476,0.0,126.78363874044165,3.1940832
matched_groundtruth_centers,66,0.0,0.0,11.980982423308486,2.4162045
matched_groundtruth_centers,67,0.5,0.0,6.882752421682465,3.5673342
matched_groundtruth_centers,68,0.0,0.0,16.51691951691134,2.3679266
matched_groundtruth_centers,69,0.5,0.0,12.007798702372257,2.1724377
matched_groundtruth_centers,70,0.5,0.0,17.757410693235627,3.7311125
matched_groundtruth_centers,71,0.7071067811865476,0.0,55.28938880226681,2.625533
matched_groundtruth_centers,72,0.5,0.0,32.28525343305374,1.8415394
matched_groundtruth_centers,73,0.5,0.0,9.986686350819472,1.6066437
matched_groundtruth_centers,74,0.5,0.0,6.738088826475767,1.4383211
matched_groundtruth_centers,75,0.0,0.0,11.912596635595085,7.668953
matched_groundtruth_centers,76,0.7071067811865476,0.0,45.20887437448105,3.375698
matched_groundtruth_centers,77,0.5,0.0,17.792240040678614,1.5464897
matched_groundtruth_centers,78,0.5,0.0,3.3944929095338883,1.9762783
matched_groundtruth_centers,79,0.7071067811865476,0.0,10.60718344551083,0.67889977
matched_groundtruth_centers,80,0.7071067811865476,0.0,23.23469631602717,0.38272095
matched_groundtruth_centers,81,0.8660254037844386,0.0,163.70196446979875,0.3226509
matched_groundtruth_centers,82,0.5,0.0,15.267176748902251,2.5404282
matched_groundtruth_centers,83,0.7071067811865476,0.0,45.394808573027305,2.9122953
matched_groundtruth_centers,84,0.5,0.0,23.53950875027499,2.007204
matched_groundtruth_centers,85,2.598076211353316,0.0,175.23037131879062,2.9642038
matched_groundtruth_centers,86,0.5,0.0,6.888431707371588,1.5429106
matched_groundtruth_centers,87,0.5,0.0,12.891311283125544,1.0248919
matched_groundtruth_centers,88,0.5,0.0,18.49302565205759,1.365036
matched_groundtruth_centers,89,0.7071067811865476,0.0,17.910659999408047,3.878148
matched_groundtruth_centers,90,0.7071067811865476,0.0,14.792911280258792,0.86170006
matched_groundtruth_centers,91,0.5,0.0,34.97367205088966,1.4540911
matched_groundtruth_centers,92,0.5,0.0,19.621795179365602,5.1015654
matched_groundtruth_centers,93,0.5,0.0,6.730845596632592,1.8440418
matched_groundtruth_centers,94,0.7071067811865476,0.0,13.887596011143287,4.3099775
matched_groundtruth_centers,95,0.7071067811865476,0.0,178.12080256402805,1.1858406
matched_groundtruth_centers,96,0.8660254037844386,0.0,32.662575604456045,5.981738
matched_groundtruth_centers,97,0.5,0.0,21.709331140926857,0.52386093
matched_groundtruth_centers,98,0.0,0.0,9.391450970058195,3.2704115
matched_groundtruth_centers,99,0.5,0.0,42.98809156310526,1.2658806
matched_groundtruth_centers,100,0.0,0.0,31.54068689603757,1.894311
matched_groundtruth_centers,101,0.7071067811865476,0.0,6.082269564403927,2.5415964
matched_groundtruth_centers,102,0.5,0.0,10.374769061504809,1.6607485
matched_groundtruth_centers,103,0.7071067811865476,0.0,8.17399322890333,0.24873924
matched_groundtruth_centers,104,0.7071067811865476,0.0,24.3701707596511,1.4711208
matched_groundtruth_centers,105,0.8660254037844386,0.0,36.649290711707856,1.505559
matched_groundtruth_centers,106,0.5,0.0,12.948010359217921,2.0802717
matched_groundtruth_centers,107,0.5,0.0,6.889237006944589,0.04609871
matched_groundtruth_centers,108,0.8660254037844386,0.0,28.04912406927465,0.3225603
matched_groundtruth_centers,109,0.0,0.0,38.51728596241714,1.3661976
matched_groundtruth_centers,110,0.5,0.0,7.827600677807525,1.4849043
matched_groundtruth_centers,111,0.8660254037844386,0.0,37.418728975699864,0.35812473
matched_groundtruth_centers,112,0.5,0.0,24.56975950761058,0.5524006
matched_groundtruth_centers,113,0.5,0.0,13.791346792661418,1.0873623
matched_groundtruth_centers,114,0.7071067811865476,0.0,163.46572825775013,3.9102392
matched_groundtruth_centers,115,0.5,0.0,6.531318802724729,1.2233372
matched_groundtruth_centers,116,0.5,0.0,7.0579652028757325,0.24228477
matched_groundtruth_centers,117,0.0,0.0,14.09699612726479,2.4789886
matched_groundtruth_centers,118,0.7071067811865476,0.0,12.324909421709396,0.79323006
matched_groundtruth_centers,119,0.8660254037844386,0.0,31.808266472162313,1.8837347
matched_groundtruth_centers,120,0.7071067811865476,0.0,7.915233181362678,2.4892092
predicted_centers,0,2.0615528128088303,0.0,10.592110864358045,5.240632
predicted_centers,1,2.5,0.0,13.241396883705425,3.0814114
predicted_centers,2,1.224744871391589,0.0,22.25385139187381,0.7658682
predicted_centers,3,2.0615528128088303,0.0,17.521598577963637,0.14067173
predicted_centers,4,1.0,0.0,13.556504396666961,1.4178448
predicted_centers,5,2.1213203435596424,0.0,12.215100404308963,0.078495026
predicted_centers,6,12.278029157808675,2.0,127.54456369637519,0.48510456
predicted_centers,7,3.6742346141747673,0.0,35.198161242287576,0.7488804
predicted_centers,8,3.3166247903554,0.0,176.66796674487108,3.037878
predicted_centers,9,3.9370039370059056,0.0,113.55357041301097,2.44732
predicted_centers,10,2.8722813232690143,0.0,15.202810519278461,0.12082291
predicted_centers,11,2.692582403567252,0.0,141.0714714361219,2.773159
predicted_centers,12,15.660459763365825,0.0,92.18686148165305,7.0567713
predicted_centers,13,2.9154759474226504,0.0,9.481133638037678,0.15086651
predicted_centers,14,4.55521678957215,0.0,17.456033775805167,1.6768608
predicted_centers,15,3.5355339059327378,0.0,4.944903884868127,1.1016588
predicted_centers,16,3.2015621187164243,0.0,17.93511607014124,0.8853817
predicted_centers,17,4.301162633521313,0.0,11.649352476029089,2.1682062
predicted_centers,18,10.793516572461451,1.0,141.28441514286948,1.6962652
predicted_centers,19,2.7386127875258306,0.0,13.869908626855985,1.484333
predicted_centers,20,1.3228756555322954,0.5,13.32728936833163,4.14771
predicted_centers,21,3.3166247903554,0.0,9.775829400799577,2.191702
predicted_centers,22,3.1622776601683795,0.0,11.538963579684248,0.057762146
predicted_centers,23,2.7386127875258306,0.0,11.886755430453887,0.38507462
predicted_centers,24,2.1213203435596424,0.0,8.658278985856855,1.5471992
predicted_centers,25,4.743416490252569,0.0,29.262533961377304,0.12734222
predicted_centers,26,5.0990195135927845,0.0,105.63257621258435,8.072205
predicted_centers,27,2.449489742783178,1.0,104.50768874939533,6.704273
predicted_centers,28,1.5,0.0,25.222391342418046,0.47538376
predicted_centers,29,10.246950765959598,0.5,114.36015392918247,0.057901382
predicted_centers,30,3.278719262151,0.0,9.20943830185473,1.8864813
predicted_centers,31,0.8660254037844386,0.5,10.136811797726727,1.7610292
predicted_centers,32,4.242640687119285,0.0,6.994622089733364,2.0540352
predicted_centers,33,7.466592261534039,1.5,65.3543382224625,5.4573298
predicted_centers,34,5.70087712549569,1.0,13.985863891310064,5.8114595
predicted_centers,35,2.5495097567963922,0.0,1.62058287413131,0.7965946
predicted_centers,36,4.743416490252569,0.0,23.100031174819538,4.923668
predicted_centers,37,4.358898943540674,0.0,32.88701036020893,0.2852249
predicted_centers,38,3.082207001484488,0.5,14.163500374887828,1.7080059
predicted_centers,39,2.23606797749979,0.0,10.19502841050093,1.524807
predicted_centers,40,1.224744871391589,0.0,18.133323854420084,1.5741749
predicted_centers,41,1.118033988749895,0.0,13.858061994181973,0.036787987
predicted_centers,42,2.9154759474226504,0.0,12.369399253609371,0.9698887
predicted_centers,43,1.224744871391589,0.0,5.157394471869627,1.4633875
predicted_centers,44,1.118033988749895,0.0,16.527156375721283,0.81594086
predicted_centers,45,4.220485754033533,0.0,17.825305229708984,2.9953566
predicted_centers,46,3.082207001484488,0.0,42.56561316467427,1.6857042
predicted_centers,47,6.18465843842649,1.0,21.222073314982,1.4903536
predicted_centers,48,3.8078865529319543,0.0,18.88516119114068,1.6742153
predicted_centers,49,3.570714214271425,0.0,12.833163369003335,0.8763542
predicted_centers,50,2.5495097567963922,0.0,9.88103006337946,0.3409462
predicted_centers,51,11.521718621802913,0.5,83.47171636924976,3.4227228
predicted_centers,52,4.69041575982343,1.0,41.71252116260704,4.1239395
predicted_centers,53,3.082207001484488,0.0,8.247565861948681,0.5942459
predicted_centers,54,5.5901699437494745,0.0,10.808320356812033,1.2005997
predicted_centers,55,2.958039891549808,0.0,10.411167892278426,4.9603863
predicted_centers,56,1.224744871391589,0.0,13.636457818577885,2.2420044
predicted_centers,57,9.287087810503355,1.0,147.0644933146666,2.0279598
predicted_centers,58,2.0,0.0,4.40746368984279,5.071333
predicted_centers,59,3.6742346141747673,0.0,41.34889165467431,1.9113064
predicted_centers,60,4.330127018922194,0.0,11.451979802511762,0.2421484
predicted_centers,61,2.8284271247461903,0.0,25.018153642422725,3.6940985
predicted_centers,62,2.0615528128088303,0.0,7.973079480735023,2.0670433
predicted_centers,63,3.391164991562634,1.0,5.195857956187704,5.759304
predicted_centers,64,5.477225575051661,0.0,22.204409871703913,1.7936611
predicted_centers,65,4.183300132670378,0.0,14.06138037352606,4.5081625
predicted_centers,66,2.6457513110645907,1.0,17.177375259047093,0.089019775
predicted_centers,67,5.123475382979799,0.0,12.556646619315698,3.4552727
predicted_centers,68,5.0990195135927845,0.0,113.82123282552872,1.663969
predicted_centers,69,3.905124837953327,0.0,1.62058287413131,1.1157475
predicted_centers,70,3.2015621187164243,0.0,7.875313574250166,3.0900993
predicted_centers,71,3.9370039370059056,0.0,13.987150713010328,0.7421398
predicted_centers,72,3.905124837953327,0.0,66.07350812055417,2.6144218
predicted_centers,73,2.0615528128088303,0.0,13.158754591624977,1.6717987
predicted_centers,74,7.88986691902975,1.0,66.54004180109727,0.0001707077
predicted_centers,75,6.855654600401044,2.0,92.7392496206111,6.002323
predicted_centers,76,4.949747468305833,0.0,55.67087904937872,5.19876
predicted_centers,77,1.8027756377319946,1.0,94.32393168578896,7.651964
predicted_centers,78,3.0413812651491097,0.0,4.533246323534015,2.1013775
predicted_centers,79,0.7071067811865476,0.0,9.274696009158195,0.03767681
predicted_centers,80,2.345207879911715,0.0,18.08383306127652,1.3950701
predicted_centers,81,1.6583123951777,0.0,87.48832042162437,0.47705746
predicted_centers,82,7.0178344238090995,1.0,104.13696945457458,2.0424232
predicted_centers,83,5.612486080160912,0.0,133.69395887304108,6.119668
predicted_centers,84,4.6097722286464435,0.0,5.074224032862044,1.2045059
predicted_centers,85,3.082207001484488,0.5,12.367999538104693,3.1462898
predicted_centers,86,3.2015621187164243,0.0,8.745334212985716,1.3225813
predicted_centers,87,7.826237921249264,1.0,164.96552052731332,0.34760475
predicted_centers,88,2.0615528128088303,0.0,23.96442790371501,0.8887806
predicted_centers,89,2.5495097567963922,1.0,109.53652465788555,8.048958
predicted_centers,90,2.9154759474226504,0.0,8.133236116085163,1.5438471
predicted_centers,91,8.902246907382429,1.0,166.32912004674264,3.9754858
predicted_centers,92,4.272001872658765,1.0,29.374844408210286,8.472541
predicted_centers,93,2.692582403567252,0.0,4.217512298527436,0.7437763
predicted_centers,94,2.7386127875258306,0.0,6.3367906338443944,4.3026
predicted_centers,95,1.8708286933869707,0.0,19.001246627821935,0.46710396
predicted_centers,96,4.55521678957215,0.0,142.30189879659684,1.5924072
predicted_centers,97,0.5,0.0,22.153442907693044,0.2152729
predicted_centers,98,4.47213595499958,0.0,25.327957616249524,4.2618303
predicted_centers,99,2.29128784747792,0.0,39.89961620818293,0.83856773
predicted_centers,100,2.23606797749979,0.0,30.635794597789967,0.87896824
predicted_centers,101,2.1213203435596424,0.0,17.651638280034625,2.3547716
predicted_centers,102,3.2015621187164243,0.0,5.9382357521131555,0.84523964
predicted_centers,103,1.8708286933869707,0.0,8.152521417373203,0.1341381
predicted_centers,104,1.224744871391589,0.0,22.460065152091776,0.7920122
predicted_centers,105,2.958039891549808,0.0,20.54263713429858,0.404171
predicted_centers,106,1.5,0.0,10.634501332178628,2.601985
predicted_centers,107,2.0615528128088303,0.0,5.429728138472539,0.8449831
predicted_centers,108,2.598076211353316,0.0,28.446360824187483,0.37739086
predicted_centers,109,4.123105625617661,0.0,8.781788406644006,0.4662695
predicted_centers,110,3.2015621187164243,1.0,154.4913264717746,7.2261286
predicted_centers,111,4.769696007084728,0.0,13.143148597398605,0.3367386
predicted_centers,112,1.118033988749895,0.0,22.00636772150115,0.52216053
predicted_centers,113,1.5,0.0,13.119955224085826,0.8484278
predicted_centers,114,2.7386127875258306,1.0,161.8379780747444,5.3681297
predicted_centers,115,3.2015621187164243,0.0,9.148500939462195,0.028700829
predicted_centers,116,2.692582403567252,0.0,5.495639131881018,0.35141945
predicted_centers,117,2.449489742783178,0.0,12.927287265879833,1.396038
predicted_centers,118,2.345207879911715,0.0,1.62058287413131,0.3862524
predicted_centers,119,2.598076211353316,0.0,10.332366934746537,1.3676424
predicted_centers,120,3.082207001484488,0.0,6.530344562839299,1.8766785
